M,L,START,TARGET,SZN,MEAN_SST_COLA_CESM1,VAR_SST_COLA_CESM1
1,1.5,1,2,JFM,26.703791000000002,0.9699505985196556
2,1.5,1,2,JFM,26.72726833333333,0.9701559254902306
3,1.5,1,2,JFM,26.73013033333333,0.9623915669550581
4,1.5,1,2,JFM,26.730595666666666,1.0125006458736787
5,1.5,1,2,JFM,26.703139,0.9479534103127598
6,1.5,1,2,JFM,26.709331666666667,0.9871655569660935
7,1.5,1,2,JFM,26.740296333333333,1.0038377154585054
8,1.5,1,2,JFM,26.721809666666665,1.0045235672929893
9,1.5,1,2,JFM,26.700288666666665,0.9281700321154011
10,1.5,1,2,JFM,26.698508666666665,0.9923472856878156
1,1.5,2,3,FMA,27.147351333333333,0.6259318325981622
2,1.5,2,3,FMA,27.140018,0.6886370991337928
3,1.5,2,3,FMA,27.125959666666667,0.6304019186171266
4,1.5,2,3,FMA,27.147219333333332,0.6878137546754022
5,1.5,2,3,FMA,27.164153666666667,0.6896683025688497
6,1.5,2,3,FMA,27.142361666666666,0.700078163876436
7,1.5,2,3,FMA,27.148107,0.6441770882355154
8,1.5,2,3,FMA,27.129945333333335,0.6739370868533323
9,1.5,2,3,FMA,27.138942999999998,0.7055571614010333
10,1.5,2,3,FMA,27.15426366666667,0.6052340232033329
1,1.5,3,4,MAM,27.685832,0.4754655562027573
2,1.5,3,4,MAM,27.672235,0.5141499364120683
3,1.5,3,4,MAM,27.67877766666667,0.41697799813574615
4,1.5,3,4,MAM,27.722577666666666,0.46685168014264333
5,1.5,3,4,MAM,27.655975,0.49585219769482675
6,1.5,3,4,MAM,27.653008,0.45727323594758695
7,1.5,3,4,MAM,27.721428666666668,0.5020506401360918
8,1.5,3,4,MAM,27.694087000000003,0.45933286900103387
9,1.5,3,4,MAM,27.66422,0.4923090179586204
10,1.5,3,4,MAM,27.652022,0.48387806566482733
1,1.5,4,5,AMJ,27.842745333333333,0.30272851557746894
2,1.5,4,5,AMJ,27.849546666666665,0.2796587827057464
3,1.5,4,5,AMJ,27.88204,0.2821424532689653
4,1.5,4,5,AMJ,27.913408333333333,0.25671412324885035
5,1.5,4,5,AMJ,27.843107333333332,0.28307899124092073
6,1.5,4,5,AMJ,27.871754,0.27343209930758555
7,1.5,4,5,AMJ,27.888155333333334,0.27797047881195397
8,1.5,4,5,AMJ,27.904858333333333,0.2764538953729884
9,1.5,4,5,AMJ,27.834734,0.3050803281903453
10,1.5,4,5,AMJ,27.864508666666666,0.29439079353609116
1,1.5,5,6,MJJ,27.358938666666667,0.4659035621222993
2,1.5,5,6,MJJ,27.323876666666667,0.4637545760643679
3,1.5,5,6,MJJ,27.373035,0.5060083517568958
4,1.5,5,6,MJJ,27.321618333333333,0.5399236601385052
5,1.5,5,6,MJJ,27.286617999999997,0.5342119996303453
6,1.5,5,6,MJJ,27.33142666666667,0.5204675660988507
7,1.5,5,6,MJJ,27.332728333333332,0.48966789698678187
8,1.5,5,6,MJJ,27.364065999999998,0.5312215414386221
9,1.5,5,6,MJJ,27.267564666666665,0.5413023049843677
10,1.5,5,6,MJJ,27.300264333333335,0.47340466248747204
1,1.5,6,7,JJA,26.458331333333334,0.9192084710878173
2,1.5,6,7,JJA,26.510124333333334,0.8598660046391952
3,1.5,6,7,JJA,26.546832666666667,0.7213100499236782
4,1.5,6,7,JJA,26.568999,0.8624474695748298
5,1.5,6,7,JJA,26.482839666666667,0.8861489321757465
6,1.5,6,7,JJA,26.482346333333332,0.9263333746516106
7,1.5,6,7,JJA,26.577589,0.9215839656162071
8,1.5,6,7,JJA,26.584343333333333,0.8680495276022981
9,1.5,6,7,JJA,26.464778000000003,0.9851944790510343
10,1.5,6,7,JJA,26.559597333333333,0.8494487429305748
1,1.5,7,8,JAS,26.072690333333334,0.9852293683136789
2,1.5,7,8,JAS,26.180624666666667,0.9761630610464377
3,1.5,7,8,JAS,26.196002333333336,1.060382039528849
4,1.5,7,8,JAS,26.213582666666664,0.9734135605788512
5,1.5,7,8,JAS,26.07778,1.0666392544206886
6,1.5,7,8,JAS,26.138205666666668,1.050151947721953
7,1.5,7,8,JAS,26.271151333333332,1.1081000381085058
8,1.5,7,8,JAS,26.185003,1.13303270602862
9,1.5,7,8,JAS,26.058781,1.1271270896851697
10,1.5,7,8,JAS,26.094077666666667,1.029357389384023
1,1.5,8,9,ASO,25.808759333333334,1.1623050679650575
2,1.5,8,9,ASO,25.911039000000002,1.1419358402162088
3,1.5,8,9,ASO,25.9282,1.0937542681448291
4,1.5,8,9,ASO,25.894419666666668,1.1703602359412657
5,1.5,8,9,ASO,25.870935999999997,1.1292158771765528
6,1.5,8,9,ASO,25.942532333333336,1.1127923868185055
7,1.5,8,9,ASO,25.982925,1.1188518177913804
8,1.5,8,9,ASO,25.918155000000002,1.1846064336879323
9,1.5,8,9,ASO,25.843207333333332,1.1930275366616094
10,1.5,8,9,ASO,25.855194333333333,1.1129471573426462
1,1.5,9,10,SON,26.110991000000002,1.2190400891955173
2,1.5,9,10,SON,26.227409666666667,1.2185154500309188
3,1.5,9,10,SON,26.229801666666667,1.1615655874488504
4,1.5,9,10,SON,26.266462999999998,1.2666031364217234
5,1.5,9,10,SON,26.153903666666668,1.2859020544791966
6,1.5,9,10,SON,26.185133,1.210534804063103
7,1.5,9,10,SON,26.306988333333333,1.2108843467454016
8,1.5,9,10,SON,26.281445666666666,1.2086176847702288
9,1.5,9,10,SON,26.190404666666666,1.1652658071567816
10,1.5,9,10,SON,26.241581333333333,1.2410485396533322
1,1.5,10,11,OND,26.43092066666667,1.252747443516782
2,1.5,10,11,OND,26.503167,1.1534162171320694
3,1.5,10,11,OND,26.57866,1.194466409579311
4,1.5,10,11,OND,26.529735000000002,1.2129424633499983
5,1.5,10,11,OND,26.477186333333336,1.252515979320575
6,1.5,10,11,OND,26.483429,1.1812004927748276
7,1.5,10,11,OND,26.567237,1.277893860145862
8,1.5,10,11,OND,26.547544333333335,1.3263833249564378
9,1.5,10,11,OND,26.453302,1.2552548198510345
10,1.5,10,11,OND,26.50655533333333,1.3339596720326432
1,1.5,11,12,NDJ,26.538684333333332,1.3207745865357468
2,1.5,11,12,NDJ,26.557807333333336,1.3723445693098837
3,1.5,11,12,NDJ,26.590693666666667,1.4119700799826438
4,1.5,11,12,NDJ,26.580700333333333,1.3098029882378162
5,1.5,11,12,NDJ,26.551190666666667,1.3738199851581598
6,1.5,11,12,NDJ,26.524332666666666,1.3242455193512639
7,1.5,11,12,NDJ,26.585957333333333,1.3526173430064368
8,1.5,11,12,NDJ,26.55477,1.381400440062068
9,1.5,11,12,NDJ,26.517160333333333,1.3618480803481618
10,1.5,11,12,NDJ,26.572499666666666,1.325127093948162
1,1.5,12,1,DJF,26.511194,1.2481763734731035
2,1.5,12,1,DJF,26.521286999999997,1.3340809481320686
3,1.5,12,1,DJF,26.570714000000002,1.2247327029420687
4,1.5,12,1,DJF,26.539994666666665,1.3306953389636786
5,1.5,12,1,DJF,26.513028000000002,1.332299983320001
6,1.5,12,1,DJF,26.519184,1.2004652710524135
7,1.5,12,1,DJF,26.541134,1.3285333819420697
8,1.5,12,1,DJF,26.52423966666667,1.2122791103688504
9,1.5,12,1,DJF,26.501811333333332,1.3697105391498854
10,1.5,12,1,DJF,26.504139666666667,1.3414650144378175
1,2.5,1,3,FMA,26.915837,0.7883600326700001
2,2.5,1,3,FMA,26.941914999999998,0.7968657830879305
3,2.5,1,3,FMA,26.947466000000002,0.7358423544868956
4,2.5,1,3,FMA,26.943493999999998,0.8175930855627584
5,2.5,1,3,FMA,26.889043666666666,0.684465869361954
6,2.5,1,3,FMA,26.919162333333336,0.798208627825402
7,2.5,1,3,FMA,26.953594333333335,0.7956819078874713
8,2.5,1,3,FMA,26.939147,0.8144688498975863
9,2.5,1,3,FMA,26.913827,0.7232220578768971
10,2.5,1,3,FMA,26.887066666666666,0.8312474562091935
1,2.5,2,4,MAM,27.498549333333337,0.4189598635857459
2,2.5,2,4,MAM,27.47803233333333,0.5286013413564374
3,2.5,2,4,MAM,27.458826666666667,0.4349358290160931
4,2.5,2,4,MAM,27.495371666666664,0.536012978614368
5,2.5,2,4,MAM,27.522669666666665,0.5039130250240219
6,2.5,2,4,MAM,27.492592666666667,0.5542382617788512
7,2.5,2,4,MAM,27.499947666666667,0.4762372446391952
8,2.5,2,4,MAM,27.479544666666666,0.5173780148878172
9,2.5,2,4,MAM,27.48278733333333,0.5515226909512636
10,2.5,2,4,MAM,27.504217333333333,0.4458876424891952
1,2.5,3,5,AMJ,27.86356333333333,0.4642980215402285
2,2.5,3,5,AMJ,27.854213333333334,0.48492160351264485
3,2.5,3,5,AMJ,27.81343233333333,0.3446148116736777
4,2.5,3,5,AMJ,27.912699,0.41465511743689687
5,2.5,3,5,AMJ,27.811673,0.4667245209527586
6,2.5,3,5,AMJ,27.790861,0.3983059474920675
7,2.5,3,5,AMJ,27.907904,0.44323140085241375
8,2.5,3,5,AMJ,27.871584,0.42811508763862094
9,2.5,3,5,AMJ,27.81613966666667,0.45605686175505866
10,2.5,3,5,AMJ,27.793196000000002,0.3957684914248272
1,2.5,4,6,MJJ,27.516060999999997,0.5602725563334487
2,2.5,4,6,MJJ,27.528093000000002,0.5423770376699989
3,2.5,4,6,MJJ,27.556547666666667,0.44712644533574636
4,2.5,4,6,MJJ,27.604876333333333,0.4106339193274712
5,2.5,4,6,MJJ,27.517158666666667,0.4828632172947115
6,2.5,4,6,MJJ,27.544251666666664,0.43376779556609396
7,2.5,4,6,MJJ,27.548051666666666,0.4749966448350574
8,2.5,4,6,MJJ,27.620921333333335,0.4738974490326434
9,2.5,4,6,MJJ,27.526056999999998,0.4926774862562068
10,2.5,4,6,MJJ,27.513759666666665,0.40198740397574606
1,2.5,5,7,JJA,26.59006733333333,0.9876357970960935
2,2.5,5,7,JJA,26.472542999999998,1.0101579781044827
3,2.5,5,7,JJA,26.531490333333334,1.0371492493067822
4,2.5,5,7,JJA,26.469165666666665,1.210541551032297
5,2.5,5,7,JJA,26.45471,1.176067629724138
6,2.5,5,7,JJA,26.532770333333335,1.1799935186309205
7,2.5,5,7,JJA,26.49170333333333,1.0540850067954013
8,2.5,5,7,JJA,26.572498666666668,1.2122401343567808
9,2.5,5,7,JJA,26.396877333333336,1.1828082505926438
10,2.5,5,7,JJA,26.443542333333333,0.9827463082943693
1,2.5,6,8,JAS,25.439433333333334,1.6112664734160922
2,2.5,6,8,JAS,25.503371333333334,1.5079436328947105
3,2.5,6,8,JAS,25.54702766666667,1.241101919563334
4,2.5,6,8,JAS,25.598305333333332,1.5147775313498864
5,2.5,6,8,JAS,25.471130333333335,1.4788402326860917
6,2.5,6,8,JAS,25.460438333333332,1.567774650145405
7,2.5,6,8,JAS,25.613259333333335,1.5957591029167784
8,2.5,6,8,JAS,25.621407666666666,1.4656586000460907
9,2.5,6,8,JAS,25.442145333333333,1.6911426449705766
10,2.5,6,8,JAS,25.598921,1.5259961218782767
1,2.5,7,9,ASO,25.286923666666667,1.3913689641412603
2,2.5,7,9,ASO,25.43059966666667,1.4284588889619536
3,2.5,7,9,ASO,25.438319666666665,1.5983933856033348
4,2.5,7,9,ASO,25.479617333333334,1.456020199365057
5,2.5,7,9,ASO,25.286814333333332,1.6801268946254035
6,2.5,7,9,ASO,25.376469333333333,1.5201139999236768
7,2.5,7,9,ASO,25.498611666666665,1.7657179284557476
8,2.5,7,9,ASO,25.428837666666666,1.8221194316460918
9,2.5,7,9,ASO,25.263982333333335,1.8029433943495403
10,2.5,7,9,ASO,25.281722333333335,1.5512650567081605
1,2.5,8,10,SON,25.315249666666666,1.5905408817550537
2,2.5,8,10,SON,25.431601,1.6591875393679294
3,2.5,8,10,SON,25.49329733333333,1.57269931944092
4,2.5,8,10,SON,25.434256666666666,1.6435519345540215
5,2.5,8,10,SON,25.409332666666668,1.566647039544366
6,2.5,8,10,SON,25.513555666666665,1.5382040065081612
7,2.5,8,10,SON,25.548017,1.6505274182148268
8,2.5,8,10,SON,25.463612666666666,1.6994001555305729
9,2.5,8,10,SON,25.369439666666665,1.7017273073412644
10,2.5,8,10,SON,25.367750666666666,1.5177728802891934
1,2.5,9,11,OND,25.863226,1.5225516614455172
2,2.5,9,11,OND,26.000127000000003,1.577737665683794
3,2.5,9,11,OND,26.004610333333336,1.5145640478240232
4,2.5,9,11,OND,26.068322333333334,1.624850469218508
5,2.5,9,11,OND,25.904954333333333,1.7059048167288504
6,2.5,9,11,OND,25.931358333333332,1.573754482510919
7,2.5,9,11,OND,26.119425,1.622464211308618
8,2.5,9,11,OND,26.102387,1.6039303479044846
9,2.5,9,11,OND,25.964682333333332,1.5734448508116086
10,2.5,9,11,OND,26.02349,1.7141670729310343
1,2.5,10,12,NDJ,26.160883666666667,1.562183445382644
2,2.5,10,12,NDJ,26.250832333333335,1.3927420382529894
3,2.5,10,12,NDJ,26.347570666666666,1.5330321733512644
4,2.5,10,12,NDJ,26.30823,1.485925401848275
5,2.5,10,12,NDJ,26.226492666666665,1.5419804169788507
6,2.5,10,12,NDJ,26.195561,1.4204062621541387
7,2.5,10,12,NDJ,26.340889999999998,1.5855394216896541
8,2.5,10,12,NDJ,26.32158666666667,1.6887958821885056
9,2.5,10,12,NDJ,26.189419666666666,1.5376147572998848
10,2.5,10,12,NDJ,26.266069666666667,1.6982686051067846
1,2.5,11,1,DJF,26.230402333333334,1.3702146922391951
2,2.5,11,1,DJF,26.258164,1.4307428578662071
3,2.5,11,1,DJF,26.308527666666667,1.5142984842116096
4,2.5,11,1,DJF,26.305805666666668,1.32582401819092
5,2.5,11,1,DJF,26.291024999999998,1.473343750232758
6,2.5,11,1,DJF,26.223302333333333,1.3195322505357472
7,2.5,11,1,DJF,26.296816666666665,1.4013702101747119
8,2.5,11,1,DJF,26.268294,1.4626876949696548
9,2.5,11,1,DJF,26.22780433333333,1.4356925927633322
10,2.5,11,1,DJF,26.306408333333334,1.3789338778281603
1,2.5,12,2,JFM,26.386840333333332,1.0998634705274701
2,2.5,12,2,JFM,26.409068333333334,1.1955970903109199
3,2.5,12,2,JFM,26.434346666666666,1.0245539362505738
4,2.5,12,2,JFM,26.443651,1.262118624912758
5,2.5,12,2,JFM,26.41197933333333,1.207947392751265
6,2.5,12,2,JFM,26.412840000000003,1.009664972282759
7,2.5,12,2,JFM,26.414656666666666,1.1899707037609197
8,2.5,12,2,JFM,26.413235999999998,0.9957852305834479
9,2.5,12,2,JFM,26.398645333333334,1.2617196258602301
10,2.5,12,2,JFM,26.393874333333333,1.1864699360943671
1,3.5,1,4,MAM,27.270883666666666,0.6599605914654019
2,3.5,1,4,MAM,27.30681966666667,0.642744998286092
3,3.5,1,4,MAM,27.30545233333333,0.5727217055633329
4,3.5,1,4,MAM,27.28382,0.6429554328000008
5,3.5,1,4,MAM,27.206219666666666,0.5056740112860921
6,3.5,1,4,MAM,27.271091666666667,0.6492747608143689
7,3.5,1,4,MAM,27.306296333333332,0.6101515240309194
8,3.5,1,4,MAM,27.325106666666667,0.6515756701678165
9,3.5,1,4,MAM,27.267445000000002,0.567391369722413
10,3.5,1,4,MAM,27.22675866666667,0.7323653773636774
1,3.5,2,5,AMJ,27.633398,0.3696092262096568
2,3.5,2,5,AMJ,27.61129833333333,0.4762606383591942
3,3.5,2,5,AMJ,27.609018666666667,0.37919306989471185
4,3.5,2,5,AMJ,27.637538333333335,0.4602721203454037
5,3.5,2,5,AMJ,27.663927666666666,0.38783244162540376
6,3.5,2,5,AMJ,27.647125666666668,0.5186775927357445
7,3.5,2,5,AMJ,27.652514666666665,0.4418395622119538
8,3.5,2,5,AMJ,27.652879,0.5011744722851711
9,3.5,2,5,AMJ,27.625598333333336,0.5188424136626447
10,3.5,2,5,AMJ,27.665140333333333,0.4539368773895409
1,3.5,3,6,MJJ,27.566743,0.744315035759653
2,3.5,3,6,MJJ,27.58150433333333,0.6791569350874704
3,3.5,3,6,MJJ,27.451131666666665,0.5252177848557478
4,3.5,3,6,MJJ,27.594659666666665,0.6676347284171251
5,3.5,3,6,MJJ,27.48189,0.6808038271103455
6,3.5,3,6,MJJ,27.459564666666665,0.6458601518947129
7,3.5,3,6,MJJ,27.628076333333336,0.6309183954585087
8,3.5,3,6,MJJ,27.59400133333333,0.7144267270878153
9,3.5,3,6,MJJ,27.480530333333334,0.6971394381550565
10,3.5,3,6,MJJ,27.436506666666666,0.49300035817471144
1,3.5,4,7,JJA,26.733450666666666,1.227671024634024
2,3.5,4,7,JJA,26.757276666666666,1.2209168454229895
3,3.5,4,7,JJA,26.765623333333334,0.9533997851885058
4,3.5,4,7,JJA,26.84081966666667,0.9110583252791971
5,3.5,4,7,JJA,26.743201333333335,0.9635325184188503
6,3.5,4,7,JJA,26.747580000000003,0.9717537840344832
7,3.5,4,7,JJA,26.779076333333332,1.040716998168852
8,3.5,4,7,JJA,26.906122333333332,1.1160709197840235
9,3.5,4,7,JJA,26.744519333333336,1.056334699220229
10,3.5,4,7,JJA,26.685717,0.7674390610631046
1,3.5,5,8,JAS,25.692482666666667,1.6153644564960916
2,3.5,5,8,JAS,25.512358,1.6716446457268956
3,3.5,5,8,JAS,25.577120333333333,1.585819982575747
4,3.5,5,8,JAS,25.538209666666667,1.98008598618954
5,3.5,5,8,JAS,25.531430666666665,1.86270446157885
6,3.5,5,8,JAS,25.630229333333332,1.8721245847788524
7,3.5,5,8,JAS,25.552896333333333,1.5995210583757475
8,3.5,5,8,JAS,25.657609666666666,2.0329645887895404
9,3.5,5,8,JAS,25.427332,1.844904285375172
10,3.5,5,8,JAS,25.474719333333333,1.5647185986960932
1,3.5,6,9,ASO,24.735599999999998,2.1264712743103447
2,3.5,6,9,ASO,24.804837333333335,1.994273098116783
3,3.5,6,9,ASO,24.845145,1.645797195860341
4,3.5,6,9,ASO,24.890176,2.0558301154731042
5,3.5,6,9,ASO,24.74964333333333,1.8224746639747127
6,3.5,6,9,ASO,24.739834666666663,1.969736073515401
7,3.5,6,9,ASO,24.951054,2.0241659843972406
8,3.5,6,9,ASO,24.929289333333333,1.8690411153236806
9,3.5,6,9,ASO,24.720644666666665,2.1579986374050555
10,3.5,6,9,ASO,24.911514,2.1072494528524133
1,3.5,7,10,SON,24.982148333333335,1.657439611304023
2,3.5,7,10,SON,25.134517666666667,1.7272630327012655
3,3.5,7,10,SON,25.13542066666667,1.9353284138271307
4,3.5,7,10,SON,25.182396999999998,1.8832299061803435
5,3.5,7,10,SON,24.961211,2.118501530954142
6,3.5,7,10,SON,25.082203333333332,1.8474109768643676
7,3.5,7,10,SON,25.172773,2.2316948968010335
8,3.5,7,10,SON,25.127430666666665,2.4333930165374738
9,3.5,7,10,SON,24.949774,2.3809371209351706
10,3.5,7,10,SON,24.939385666666666,1.916584941239193
1,3.5,8,11,OND,25.189220666666664,1.8675318977443651
2,3.5,8,11,OND,25.306399333333335,2.0681625463305724
3,3.5,8,11,OND,25.432270333333335,1.9008142327964357
4,3.5,8,11,OND,25.344758333333335,1.939326960331609
5,3.5,8,11,OND,25.294589,1.8426058654644808
6,3.5,8,11,OND,25.426799666666668,1.79918338441023
7,3.5,8,11,OND,25.455527333333333,2.072648640454712
8,3.5,8,11,OND,25.351013333333334,2.0686454963402303
9,3.5,8,11,OND,25.263748333333336,2.0402654083591956
10,3.5,8,11,OND,25.262551,1.7922900775196522
1,3.5,9,12,NDJ,25.736601333333333,1.7271030097429887
2,3.5,9,12,NDJ,25.896098666666667,1.8241765778464378
3,3.5,9,12,NDJ,25.934595,1.7699547495431025
4,3.5,9,12,NDJ,26.004233666666668,1.9053352482033334
5,3.5,9,12,NDJ,25.813656666666667,1.9475313771333338
6,3.5,9,12,NDJ,25.839036,1.8320420796317232
7,3.5,9,12,NDJ,26.06687133333333,1.9670985596878154
8,3.5,9,12,NDJ,26.049791666666668,1.8832893419798864
9,3.5,9,12,NDJ,25.891638666666665,1.911244812591266
10,3.5,9,12,NDJ,25.950234333333334,2.0982155908460913
1,3.5,10,1,DJF,25.99021966666667,1.6227685785481594
2,3.5,10,1,DJF,26.09070266666667,1.4186225017650573
3,3.5,10,1,DJF,26.180141,1.6708885805886213
4,3.5,10,1,DJF,26.175543333333334,1.5221450246367811
5,3.5,10,1,DJF,26.093802999999998,1.6173820541665502
6,3.5,10,1,DJF,25.980211666666666,1.489035492421264
7,3.5,10,1,DJF,26.172797,1.6515597583665518
8,3.5,10,1,DJF,26.175176333333336,1.8234947013826428
9,3.5,10,1,DJF,26.023280333333332,1.5995071228309192
10,3.5,10,1,DJF,26.11888533333333,1.827794913674021
1,3.5,11,2,JFM,26.141003,1.2684430692631035
2,3.5,11,2,JFM,26.189292666666667,1.3353234118685064
3,3.5,11,2,JFM,26.229389333333334,1.4522399179857457
4,3.5,11,2,JFM,26.251451333333332,1.1858568461429888
5,3.5,11,2,JFM,26.259241999999997,1.384216329485517
6,3.5,11,2,JFM,26.169327666666668,1.145381210735748
7,3.5,11,2,JFM,26.210269999999998,1.2445324372827573
8,3.5,11,2,JFM,26.194375666666666,1.4303791026805757
9,3.5,11,2,JFM,26.172757666666666,1.3245978983840212
10,3.5,11,2,JFM,26.258645,1.2761848218603447
1,3.5,12,3,FMA,26.566741666666665,0.8918628690005749
2,3.5,12,3,FMA,26.608723666666666,0.9486283876860914
3,3.5,12,3,FMA,26.574682666666668,0.7433601411098855
4,3.5,12,3,FMA,26.66556166666667,1.1036934403936776
5,3.5,12,3,FMA,26.606762,1.027133141368277
6,3.5,12,3,FMA,26.608155,0.8449809729362071
7,3.5,12,3,FMA,26.597569333333336,0.9635438798685063
8,3.5,12,3,FMA,26.599250666666666,0.786223492330575
9,3.5,12,3,FMA,26.587300333333335,1.029736919499886
10,3.5,12,3,FMA,26.561413666666667,0.9440024786240234
1,4.5,1,5,AMJ,27.54629633333333,0.6403834943343698
2,4.5,1,5,AMJ,27.596585333333334,0.5512636669154038
3,4.5,1,5,AMJ,27.574941333333335,0.5476204901636782
4,4.5,1,5,AMJ,27.529942,0.5088256511751719
5,4.5,1,5,AMJ,27.442770666666668,0.4558236547788499
6,4.5,1,5,AMJ,27.537702000000003,0.60863995294069
7,4.5,1,5,AMJ,27.57282766666667,0.5458025266736793
8,4.5,1,5,AMJ,27.637935666666667,0.5360994689288499
9,4.5,1,5,AMJ,27.550321,0.5609778557196555
10,4.5,1,5,AMJ,27.496654666666664,0.7149436720257458
1,4.5,2,6,MJJ,27.332171666666667,0.6070176225729884
2,4.5,2,6,MJJ,27.316853666666667,0.6927068430309203
3,4.5,2,6,MJJ,27.324683,0.6242872126286195
4,4.5,2,6,MJJ,27.354087,0.599565523683793
5,4.5,2,6,MJJ,27.373469666666665,0.5416513620171287
6,4.5,2,6,MJJ,27.394330333333336,0.706549145575745
7,4.5,2,6,MJJ,27.375496666666667,0.6561452385540217
8,4.5,2,6,MJJ,27.397099333333333,0.7373571027029908
9,4.5,2,6,MJJ,27.367886666666667,0.7820148103747129
10,4.5,2,6,MJJ,27.400486666666666,0.7720602498229866
1,4.5,3,7,JJA,26.825668333333333,1.2899932908695377
2,4.5,3,7,JJA,26.849270666666666,1.168995361951263
3,4.5,3,7,JJA,26.666155,0.971455800543102
4,4.5,3,7,JJA,26.849126666666667,1.336890242988507
5,4.5,3,7,JJA,26.702201,1.217071519147243
6,4.5,3,7,JJA,26.713118,1.2863721705062072
7,4.5,3,7,JJA,26.89877733333333,1.0940968590822975
8,4.5,3,7,JJA,26.894572,1.3287004927544792
9,4.5,3,7,JJA,26.739372,1.2227428691682751
10,4.5,3,7,JJA,26.654373666666668,0.8649055706378147
1,4.5,4,8,JAS,25.849746999999997,1.868500798766548
2,4.5,4,8,JAS,25.868609333333332,1.9720351945098873
3,4.5,4,8,JAS,25.869367,1.546130399656208
4,4.5,4,8,JAS,25.97229133333333,1.473044799818851
5,4.5,4,8,JAS,25.869309666666666,1.4289209134998846
6,4.5,4,8,JAS,25.844055,1.6728258333913786
7,4.5,4,8,JAS,25.918173666666668,1.6118682493757477
8,4.5,4,8,JAS,26.068708,1.8036607034717247
9,4.5,4,8,JAS,25.839471,1.7399312858093121
10,4.5,4,8,JAS,25.756441333333335,1.1670745988257467
1,4.5,5,9,ASO,25.084114666666668,2.140313658908507
2,4.5,5,9,ASO,24.890835666666664,2.130489266984025
3,4.5,5,9,ASO,24.949711333333333,1.9230668018395416
4,4.5,5,9,ASO,24.96070466666667,2.4606842761429877
5,4.5,5,9,ASO,24.930543333333333,2.2803295697057484
6,4.5,5,9,ASO,25.044151666666668,2.235356469179884
7,4.5,5,9,ASO,24.943766666666665,1.8755961185678152
8,4.5,5,9,ASO,25.055048333333332,2.570209044752296
9,4.5,5,9,ASO,24.800810666666667,2.253559280592644
10,4.5,5,9,ASO,24.841315333333334,2.024408310377471
1,4.5,6,10,SON,24.627057666666666,2.4336226328805775
2,4.5,6,10,SON,24.672855333333334,2.2871051854602307
3,4.5,6,10,SON,24.708550666666667,1.888526274965054
4,4.5,6,10,SON,24.73202566666667,2.3626164543702286
5,4.5,6,10,SON,24.591725,2.005107299818966
6,4.5,6,10,SON,24.58558633333333,2.174402095244715
7,4.5,6,10,SON,24.826108666666666,2.2227342447498843
8,4.5,6,10,SON,24.776558,2.1981490620165496
9,4.5,6,10,SON,24.589724999999998,2.3896432124603457
10,4.5,6,10,SON,24.814973333333334,2.5291180631954044
1,4.5,7,11,OND,25.120809,1.9391274152437918
2,4.5,7,11,OND,25.284754666666668,1.9597749762464376
3,4.5,7,11,OND,25.245725333333333,2.1869941946602314
4,4.5,7,11,OND,25.311103666666668,2.2756369510447105
5,4.5,7,11,OND,25.065469333333333,2.4701980029236807
6,4.5,7,11,OND,25.200452,2.0915542240855163
7,4.5,7,11,OND,25.279627333333334,2.538146424213333
8,4.5,7,11,OND,25.24935233333333,2.8221244508460903
9,4.5,7,11,OND,25.076760999999998,2.8389871034093095
10,4.5,7,11,OND,25.063285666666665,2.17830774449437
1,4.5,8,12,NDJ,25.347296333333336,2.004104690555059
2,4.5,8,12,NDJ,25.443047666666665,2.298528864052989
3,4.5,8,12,NDJ,25.604254333333333,2.030925960639195
4,4.5,8,12,NDJ,25.51861566666667,2.0448502653909197
5,4.5,8,12,NDJ,25.421337666666666,1.9406029775357447
6,4.5,8,12,NDJ,25.561725000000003,1.9210640645913823
7,4.5,8,12,NDJ,25.620616,2.2602610976593107
8,4.5,8,12,NDJ,25.511712,2.189639934002762
9,4.5,8,12,NDJ,25.42012533333333,2.1797185980257456
10,4.5,8,12,NDJ,25.416946,1.9206496403834465
1,4.5,9,1,DJF,25.792464,1.6801823481834472
2,4.5,9,1,DJF,25.959628000000002,1.7714124395406898
3,4.5,9,1,DJF,26.010673,1.7721299533113777
4,4.5,9,1,DJF,26.080445666666666,1.885404743597818
5,4.5,9,1,DJF,25.914248333333333,1.8890225670902296
6,4.5,9,1,DJF,25.915643666666664,1.7506140721895405
7,4.5,9,1,DJF,26.160194999999998,1.9779893544810354
8,4.5,9,1,DJF,26.130924333333333,1.8217968453426447
9,4.5,9,1,DJF,25.991142,1.9273377344303433
10,4.5,9,1,DJF,26.056799666666667,2.106597501210231
1,4.5,10,2,JFM,26.136168,1.420460589368276
2,4.5,10,2,JFM,26.244745666666667,1.2368596915564365
3,4.5,10,2,JFM,26.290724666666666,1.4627860113360929
4,4.5,10,2,JFM,26.333715333333334,1.264731896308507
5,4.5,10,2,JFM,26.276402666666666,1.4136413329719535
6,4.5,10,2,JFM,26.080106666666666,1.2797547171609192
7,4.5,10,2,JFM,26.314670999999997,1.3967812626093112
8,4.5,10,2,JFM,26.321330999999997,1.5819958135472423
9,4.5,10,2,JFM,26.16578333333333,1.3733081540643686
10,4.5,10,2,JFM,26.25524933333333,1.6039469387995404
1,4.5,11,3,FMA,26.505893,1.0284297194631031
2,4.5,11,3,FMA,26.560580666666667,1.0877789362685046
3,4.5,11,3,FMA,26.59007066666667,1.189291056151265
4,4.5,11,3,FMA,26.599214333333336,0.9703422857633344
5,4.5,11,3,FMA,26.647967666666666,1.0977983605702288
6,4.5,11,3,FMA,26.535559999999997,0.8594008262206889
7,4.5,11,3,FMA,26.563466333333334,1.0040364136722983
8,4.5,11,3,FMA,26.542954333333334,1.2522399439564376
9,4.5,11,3,FMA,26.556392000000002,1.0295106303751729
10,4.5,11,3,FMA,26.601779,1.035909888809311
1,4.5,12,4,MAM,27.071531,0.7288708557334493
2,4.5,12,4,MAM,27.09016366666667,0.6947837518998858
3,4.5,12,4,MAM,27.008473,0.5134929011458615
4,4.5,12,4,MAM,27.180619666666665,0.9275974265619534
5,4.5,12,4,MAM,27.09106266666667,0.852690990613334
6,4.5,12,4,MAM,27.111342333333333,0.7566886564529888
7,4.5,12,4,MAM,27.065848333333335,0.7542312143660925
8,4.5,12,4,MAM,27.098318333333335,0.6573980862143681
9,4.5,12,4,MAM,27.073396,0.7902333959834485
10,4.5,12,4,MAM,27.032487333333332,0.7117720312478161
1,5.5,1,6,MJJ,27.39113766666667,0.8377893507771265
2,5.5,1,6,MJJ,27.448773,0.6347945738562061
3,5.5,1,6,MJJ,27.413905333333332,0.7476361950119552
4,5.5,1,6,MJJ,27.329789666666667,0.5752891969550566
5,5.5,1,6,MJJ,27.26559,0.6427184029586196
6,5.5,1,6,MJJ,27.381805999999997,0.7127988044110359
7,5.5,1,6,MJJ,27.417250333333335,0.6976661558309182
8,5.5,1,6,MJJ,27.536449333333334,0.6290062772823003
9,5.5,1,6,MJJ,27.401046666666666,0.7885990987057487
10,5.5,1,6,MJJ,27.346099666666667,0.8431260461964348
1,5.5,2,7,JJA,26.55986,0.9808383589448268
2,5.5,2,7,JJA,26.515217,1.1875094364493082
3,5.5,2,7,JJA,26.522991,1.1022538301886182
4,5.5,2,7,JJA,26.555200333333335,0.9709411831136785
5,5.5,2,7,JJA,26.627151,0.9936504229748252
6,5.5,2,7,JJA,26.655697333333332,1.1097136500891955
7,5.5,2,7,JJA,26.583980666666665,1.1479990037098824
8,5.5,2,7,JJA,26.64193733333333,1.169342864578851
9,5.5,2,7,JJA,26.653114000000002,1.2541129998317242
10,5.5,2,7,JJA,26.665213333333334,1.2920001188091945
1,5.5,3,8,JAS,25.936755,1.8056914213500002
2,5.5,3,8,JAS,25.94265366666667,1.6812667688791956
3,5.5,3,8,JAS,25.746025666666664,1.445904435997814
4,5.5,3,8,JAS,25.961798333333334,2.0910294493178188
5,5.5,3,8,JAS,25.776137,1.6921118314424144
6,5.5,3,8,JAS,25.818527666666668,1.997725424018505
7,5.5,3,8,JAS,26.008929333333334,1.5970462898822977
8,5.5,3,8,JAS,26.053525,1.9688223343913756
9,5.5,3,8,JAS,25.860608,1.7171509065544843
10,5.5,3,8,JAS,25.71058533333333,1.2827818197981613
1,5.5,4,9,ASO,25.208723666666668,2.2459482368033306
2,5.5,4,9,ASO,25.218718666666668,2.4531404425843686
3,5.5,4,9,ASO,25.213924333333335,1.970343882004712
4,5.5,4,9,ASO,25.34734866666667,1.8512926003705759
5,5.5,4,9,ASO,25.210272333333332,1.7466253419633349
6,5.5,4,9,ASO,25.18253233333333,2.2617866459357465
7,5.5,4,9,ASO,25.293820333333333,1.9592111487481618
8,5.5,4,9,ASO,25.472559666666665,2.1641109984033333
9,5.5,4,9,ASO,25.151704333333335,2.2803362819012607
10,5.5,4,9,ASO,25.098338000000002,1.4555280566855207
1,5.5,5,10,SON,24.908599666666664,2.506447430603331
2,5.5,5,10,SON,24.74449033333333,2.3885153953964355
3,5.5,5,10,SON,24.789332333333334,2.154008270956437
4,5.5,5,10,SON,24.826969000000002,2.7473863704093113
5,5.5,5,10,SON,24.775483333333334,2.531525106374712
6,5.5,5,10,SON,24.875122666666666,2.4450756995788536
7,5.5,5,10,SON,24.774826666666666,2.0291091271195407
8,5.5,5,10,SON,24.893617,2.910031148125171
9,5.5,5,10,SON,24.629321333333333,2.4627993050050585
10,5.5,5,10,SON,24.682682333333332,2.4074739194805765
1,5.5,6,11,OND,24.831387333333335,2.6843315229443676
2,5.5,6,11,OND,24.83779033333333,2.4329552036654016
3,5.5,6,11,OND,24.873759,2.0005139692782774
4,5.5,6,11,OND,24.898730666666665,2.5350801881581617
5,5.5,6,11,OND,24.762727666666667,2.0861289108598866
6,5.5,6,11,OND,24.730472666666667,2.316488733440921
7,5.5,6,11,OND,24.999279666666666,2.372653102506781
8,5.5,6,11,OND,24.959011333333333,2.4014355653154054
9,5.5,6,11,OND,24.783572333333332,2.5269649236460903
10,5.5,6,11,OND,25.017385,2.7090252803637958
1,5.5,7,12,NDJ,25.392251666666667,2.1399962343109173
2,5.5,7,12,NDJ,25.563964333333335,2.09144794014954
3,5.5,7,12,NDJ,25.480293,2.2886096557872406
4,5.5,7,12,NDJ,25.554544333333336,2.463611141846095
5,5.5,7,12,NDJ,25.311881666666668,2.5383467447316064
6,5.5,7,12,NDJ,25.44721666666667,2.242795786229885
7,5.5,7,12,NDJ,25.511294666666668,2.6525068057498844
8,5.5,7,12,NDJ,25.532512666666666,2.9457907986340204
9,5.5,7,12,NDJ,25.358961333333333,2.9636162379498834
10,5.5,7,12,NDJ,25.317267666666666,2.3015343263909203
1,5.5,8,1,DJF,25.575172666666667,1.9640048769788543
2,5.5,8,1,DJF,25.671607666666667,2.2161069819426444
3,5.5,8,1,DJF,25.814269666666668,1.9497757163550582
4,5.5,8,1,DJF,25.752800666666666,1.931545938006439
5,5.5,8,1,DJF,25.598413333333333,1.8036076089885074
6,5.5,8,1,DJF,25.77555733333333,1.8423899015719518
7,5.5,8,1,DJF,25.868112333333332,2.1770222645495414
8,5.5,8,1,DJF,25.748859,2.057136984588621
9,5.5,8,1,DJF,25.657299666666667,2.1126419054033336
10,5.5,8,1,DJF,25.649253666666667,1.8364836075136808
1,5.5,9,2,JFM,26.061518999999997,1.4771124661472421
2,5.5,9,2,JFM,26.216567,1.5018012909941378
3,5.5,9,2,JFM,26.243897333333333,1.5726976969857462
4,5.5,9,2,JFM,26.32492166666667,1.6775914015178146
5,5.5,9,2,JFM,26.197373333333335,1.63425787698161
6,5.5,9,2,JFM,26.184152666666666,1.494757478109885
7,5.5,9,2,JFM,26.432581333333335,1.7734563218740222
8,5.5,9,2,JFM,26.401838666666666,1.519298346294712
9,5.5,9,2,JFM,26.286057666666668,1.6702016233840238
10,5.5,9,2,JFM,26.341684666666666,1.8326387672533337
1,5.5,10,3,FMA,26.600129,1.1424842939472404
2,5.5,10,3,FMA,26.704569,0.9876180039265511
3,5.5,10,3,FMA,26.698027000000003,1.1430550230493106
4,5.5,10,3,FMA,26.792071,0.9206069626575856
5,5.5,10,3,FMA,26.764271333333333,1.1358085317222995
6,5.5,10,3,FMA,26.504121666666666,1.024556217193677
7,5.5,10,3,FMA,26.741901666666667,1.0630337459591943
8,5.5,10,3,FMA,26.76721233333333,1.217022970666782
9,5.5,10,3,FMA,26.631071000000002,1.0679470949403451
10,5.5,10,3,FMA,26.676191666666668,1.2414702015591956
1,5.5,11,4,MAM,27.115289333333333,0.8153735772064379
2,5.5,11,4,MAM,27.161178333333332,0.866534475400575
3,5.5,11,4,MAM,27.165392666666666,0.9477457430891953
4,5.5,11,4,MAM,27.19350466666667,0.8077201320188508
5,5.5,11,4,MAM,27.270385666666666,0.8209575941771257
6,5.5,11,4,MAM,27.123403666666665,0.6531167783757463
7,5.5,11,4,MAM,27.153139333333336,0.8332665712478162
8,5.5,11,4,MAM,27.126058333333333,1.0848756015522996
9,5.5,11,4,MAM,27.174847666666665,0.7622639004254034
10,5.5,11,4,MAM,27.181065333333333,0.8404558636809211
1,5.5,12,5,AMJ,27.495495333333334,0.6743406170050579
2,5.5,12,5,AMJ,27.474082666666668,0.5689063006478144
3,5.5,12,5,AMJ,27.357942666666666,0.3892665726616092
4,5.5,12,5,AMJ,27.583122333333332,0.8455191899978153
5,5.5,12,5,AMJ,27.461420999999998,0.7644030892713791
6,5.5,12,5,AMJ,27.520508,0.7434185756855165
7,5.5,12,5,AMJ,27.44413033333333,0.698859163120574
8,5.5,12,5,AMJ,27.508787666666667,0.6271818140047125
9,5.5,12,5,AMJ,27.453611666666667,0.6380453755316098
10,5.5,12,5,AMJ,27.397888666666667,0.6217583380050571
1,6.5,1,7,JJA,26.722055,1.2371558747844786
2,6.5,1,7,JJA,26.775845333333333,0.9980832399291955
3,6.5,1,7,JJA,26.771920333333334,1.154698800617126
4,6.5,1,7,JJA,26.624076666666667,0.9081946141609187
5,6.5,1,7,JJA,26.594879,1.035046533829998
6,6.5,1,7,JJA,26.725074666666668,0.9428718335912648
7,6.5,1,7,JJA,26.765457333333334,1.0363656003581623
8,6.5,1,7,JJA,26.903612666666668,0.9564764274409195
9,6.5,1,7,JJA,26.73924933333333,1.1203513783374697
10,6.5,1,7,JJA,26.693377666666667,1.2467467070805733
1,6.5,2,8,JAS,25.643482666666667,1.2917396541167823
2,6.5,2,8,JAS,25.544584,1.6330693651144814
3,6.5,2,8,JAS,25.561829333333332,1.5127784379374705
4,6.5,2,8,JAS,25.581296000000002,1.3473642587144796
5,6.5,2,8,JAS,25.734913,1.460830038573446
6,6.5,2,8,JAS,25.71153233333333,1.4557187244736753
7,6.5,2,8,JAS,25.627435,1.6934647685293127
8,6.5,2,8,JAS,25.703116,1.5182619638041392
9,6.5,2,8,JAS,25.762473333333332,1.6409589515678153
10,6.5,2,8,JAS,25.755343666666665,1.6738706170860906
1,6.5,3,9,ASO,25.256002333333335,2.22104317201161
2,6.5,3,9,ASO,25.223813,2.086882100738969
3,6.5,3,9,ASO,25.079917333333334,1.8368620456133349
4,6.5,3,9,ASO,25.308507333333335,2.639849760599543
5,6.5,3,9,ASO,25.100717666666664,2.0117606437978104
6,6.5,3,9,ASO,25.112531666666666,2.5736824678695376
7,6.5,3,9,ASO,25.337373333333336,1.9411485900229868
8,6.5,3,9,ASO,25.40580633333333,2.474892436175741
9,6.5,3,9,ASO,25.191876666666666,2.090313921719541
10,6.5,3,9,ASO,24.990347666666665,1.5592020302598846
1,6.5,4,10,SON,25.002506666666665,2.430931169105746
2,6.5,4,10,SON,25.007528666666666,2.693932486322293
3,6.5,4,10,SON,25.008956,2.164840460535172
4,6.5,4,10,SON,25.155152333333334,2.1301514648116084
5,6.5,4,10,SON,24.975540333333335,1.9570766088240223
6,6.5,4,10,SON,24.95511533333333,2.5982517826947125
7,6.5,4,10,SON,25.054897333333333,2.1856918782753985
8,6.5,4,10,SON,25.293891666666664,2.233794227986781
9,6.5,4,10,SON,24.931669,2.548156071574826
10,6.5,4,10,SON,24.884394333333333,1.6773472133633343
1,6.5,5,11,OND,25.049250333333337,2.7469713499136783
2,6.5,5,11,OND,24.905309666666664,2.518648390327471
3,6.5,5,11,OND,24.929027666666666,2.302975915418505
4,6.5,5,11,OND,24.957645,2.888261060867241
5,6.5,5,11,OND,24.916931666666663,2.7145003258350586
6,6.5,5,11,OND,24.987590666666666,2.625782934034027
7,6.5,5,11,OND,24.903315,2.162932460156894
8,6.5,5,11,OND,25.037487666666667,3.125406139756441
9,6.5,5,11,OND,24.743941,2.59655081191276
10,6.5,5,11,OND,24.83393166666667,2.69312761965575
1,6.5,6,12,NDJ,25.122587,2.8925826591527564
2,6.5,6,12,NDJ,25.085139,2.501713802236898
3,6.5,6,12,NDJ,25.138139333333335,2.0443221318271263
4,6.5,6,12,NDJ,25.18740366666667,2.59130000756885
5,6.5,6,12,NDJ,25.03738333333333,2.140399110050575
6,6.5,6,12,NDJ,24.979995,2.434364019025862
7,6.5,6,12,NDJ,25.26057266666667,2.489390817647816
8,6.5,6,12,NDJ,25.262795666666666,2.5995168830874738
9,6.5,6,12,NDJ,25.068736,2.585177525942073
10,6.5,6,12,NDJ,25.314249,2.785998954167936
1,6.5,7,1,DJF,25.667421333333333,2.1508998741705754
2,6.5,7,1,DJF,25.845875666666664,2.045770357666781
3,6.5,7,1,DJF,25.722100333333334,2.2420601899895414
4,6.5,7,1,DJF,25.804240333333333,2.378373540286097
5,6.5,7,1,DJF,25.585124666666665,2.3799384761360924
6,6.5,7,1,DJF,25.692076333333333,2.165471716561958
7,6.5,7,1,DJF,25.787693,2.597575689380344
8,6.5,7,1,DJF,25.819779666666665,2.7983871145136807
9,6.5,7,1,DJF,25.647133333333333,2.7967531620229864
10,6.5,7,1,DJF,25.57383433333333,2.2829407279081635
1,6.5,8,2,JFM,25.929838333333336,1.809880228221267
2,6.5,8,2,JFM,26.021942333333335,1.9499623621426445
3,6.5,8,2,JFM,26.133121666666668,1.723048905517816
4,6.5,8,2,JFM,26.07623,1.7125712197999983
5,6.5,8,2,JFM,25.912855333333333,1.5479952425774728
6,6.5,8,2,JFM,26.116636333333336,1.6618793923067854
7,6.5,8,2,JFM,26.246133666666665,2.000482764913679
8,6.5,8,2,JFM,26.126060666666667,1.8149134905857476
9,6.5,8,2,JFM,26.016933333333334,1.9058121198505746
10,6.5,8,2,JFM,26.009370333333333,1.637979567803333
1,6.5,9,3,FMA,26.584282666666663,1.2287345921374717
2,6.5,9,3,FMA,26.718369,1.1849409360575869
3,6.5,9,3,FMA,26.706212999999998,1.3196651254906917
4,6.5,9,3,FMA,26.809339333333334,1.3373054522754027
5,6.5,9,3,FMA,26.699491000000002,1.3322156272782752
6,6.5,9,3,FMA,26.690326333333335,1.219188270086092
7,6.5,9,3,FMA,26.927554666666666,1.4408100069912617
8,6.5,9,3,FMA,26.923442333333334,1.1798003748254005
9,6.5,9,3,FMA,26.812329,1.3631274205058634
10,6.5,9,3,FMA,26.851936333333335,1.4366079693688505
1,6.5,10,4,MAM,27.21799533333333,0.9581293816326434
2,6.5,10,4,MAM,27.319628333333334,0.8003673885660911
3,6.5,10,4,MAM,27.246971,0.9000667464368953
4,6.5,10,4,MAM,27.41454333333333,0.6830255527126434
5,6.5,10,4,MAM,27.377778,0.9491511363682763
6,6.5,10,4,MAM,27.104282,0.87480244738207
7,6.5,10,4,MAM,27.34475666666667,0.8214411537195394
8,6.5,10,4,MAM,27.36029166666667,0.9218537981040231
9,6.5,10,4,MAM,27.23876166666667,0.8530990711454023
10,6.5,10,4,MAM,27.270584666666664,1.0218310798326422
1,6.5,11,5,AMJ,27.579454,0.7118548258317241
2,6.5,11,5,AMJ,27.602595333333333,0.7738039108671263
3,6.5,11,5,AMJ,27.60560566666667,0.8236948202185068
4,6.5,11,5,AMJ,27.64941866666667,0.7358890516740226
5,6.5,11,5,AMJ,27.726600666666666,0.6634118120891961
6,6.5,11,5,AMJ,27.534411666666667,0.6023375350488493
7,6.5,11,5,AMJ,27.614695333333334,0.8089139748464361
8,6.5,11,5,AMJ,27.566395,1.0190792303224137
9,6.5,11,5,AMJ,27.633784666666667,0.5958712926533327
10,6.5,11,5,AMJ,27.625672333333334,0.8038105090047134
1,6.5,12,6,MJJ,27.480730666666666,0.8402248227512628
2,6.5,12,6,MJJ,27.404714666666667,0.6285685084809184
3,6.5,12,6,MJJ,27.248503333333336,0.46188087949885104
4,6.5,12,6,MJJ,27.524962000000002,0.9492999343337908
5,6.5,12,6,MJJ,27.395717666666666,0.878420666073679
6,6.5,12,6,MJJ,27.47621033333333,0.8931831839205737
7,6.5,12,6,MJJ,27.367313666666668,0.929206688948161
8,6.5,12,6,MJJ,27.489668666666667,0.7990389838119539
9,6.5,12,6,MJJ,27.384297333333333,0.6753447375443681
10,6.5,12,6,MJJ,27.340591,0.7684232448231022
1,7.5,1,8,JAS,25.851317333333334,1.60557850731678
2,7.5,1,8,JAS,25.915665666666666,1.4663495476254036
3,7.5,1,8,JAS,25.950832,1.593972168926894
4,7.5,1,8,JAS,25.749007333333335,1.330069986068506
5,7.5,1,8,JAS,25.732869666666666,1.3869210377688506
6,7.5,1,8,JAS,25.88594833333333,1.15802798821437
7,7.5,1,8,JAS,25.939955666666666,1.374054309094368
8,7.5,1,8,JAS,26.087742333333335,1.2651682159771218
9,7.5,1,8,JAS,25.887538,1.3414897550717244
10,7.5,1,8,JAS,25.855818,1.8300863657268949
1,7.5,2,9,ASO,24.95970133333333,1.5318427708188496
2,7.5,2,9,ASO,24.858176,1.888554529362754
3,7.5,2,9,ASO,24.870251,1.706871625354142
4,7.5,2,9,ASO,24.866199333333334,1.567313490909883
5,7.5,2,9,ASO,25.084445000000002,1.8244480311982783
6,7.5,2,9,ASO,24.989962666666667,1.6757213430340219
7,7.5,2,9,ASO,24.923544333333332,2.054008012080572
8,7.5,2,9,ASO,25.009580000000003,1.6831754294137906
9,7.5,2,9,ASO,25.096409333333334,1.85778005529609
10,7.5,2,9,ASO,25.077522666666667,1.9013103581098845
1,7.5,3,10,SON,25.01588333333333,2.5466470133954013
2,7.5,3,10,SON,24.974883666666663,2.3484901999619505
3,7.5,3,10,SON,24.8583,2.1759601908551724
4,7.5,3,10,SON,25.09736,3.0165747809379346
5,7.5,3,10,SON,24.909472666666666,2.2379807977788553
6,7.5,3,10,SON,24.832191333333334,2.9056985865429916
7,7.5,3,10,SON,25.128553333333333,2.1481025681126424
8,7.5,3,10,SON,25.185704666666666,2.848934695280922
9,7.5,3,10,SON,24.957683999999997,2.3423961007765546
10,7.5,3,10,SON,24.718680000000003,1.6948109313034463
1,7.5,4,11,OND,25.123298,2.504420453216553
2,7.5,4,11,OND,25.132210666666666,2.817750443716783
3,7.5,4,11,OND,25.110549666666667,2.241468916037818
4,7.5,4,11,OND,25.27119533333333,2.334539607991265
5,7.5,4,11,OND,25.066360666666665,2.028002321040922
6,7.5,4,11,OND,25.031670666666667,2.7633538346064377
7,7.5,4,11,OND,25.115514666666666,2.3544207155567842
8,7.5,4,11,OND,25.42539833333333,2.237661938000572
9,7.5,4,11,OND,25.044010333333333,2.647369476472301
10,7.5,4,11,OND,24.965215666666666,1.8554820888874686
1,7.5,5,12,NDJ,25.319844,2.802185213893796
2,7.5,5,12,NDJ,25.201319666666667,2.5105247243067796
3,7.5,5,12,NDJ,25.191152666666667,2.2973734932753973
4,7.5,5,12,NDJ,25.21142133333333,2.912756912046434
5,7.5,5,12,NDJ,25.184251333333336,2.7071309184878114
6,7.5,5,12,NDJ,25.225238,2.7603700215337956
7,7.5,5,12,NDJ,25.148643666666665,2.182392996982646
8,7.5,5,12,NDJ,25.307811666666666,3.23591880936609
9,7.5,5,12,NDJ,25.006381666666666,2.5709137375867837
10,7.5,5,12,NDJ,25.107435000000002,2.847749224625863
1,7.5,6,1,DJF,25.443854333333334,2.8444549667150567
2,7.5,6,1,DJF,25.399642333333336,2.3512510868116077
3,7.5,6,1,DJF,25.45692,1.9521943029172426
4,7.5,6,1,DJF,25.543297666666668,2.4887732326116123
5,7.5,6,1,DJF,25.370048333333333,2.0240237907936756
6,7.5,6,1,DJF,25.289884333333337,2.3422435114598845
7,7.5,6,1,DJF,25.570516333333334,2.405814093789541
8,7.5,6,1,DJF,25.619246999999998,2.5242007920010354
9,7.5,6,1,DJF,25.403781,2.45368522103
10,7.5,6,1,DJF,25.61955233333333,2.6740288039840188
1,7.5,7,2,JFM,26.064676000000002,1.9129967259627616
2,7.5,7,2,JFM,26.223631,1.8250075941196557
3,7.5,7,2,JFM,26.090014,1.9920521669420685
4,7.5,7,2,JFM,26.171696333333333,2.0869305248378196
5,7.5,7,2,JFM,25.988653666666668,1.9931608013550588
6,7.5,7,2,JFM,26.066872666666665,1.933870695316781
7,7.5,7,2,JFM,26.188515,2.367840471053446
8,7.5,7,2,JFM,26.22542333333333,2.41475317478161
9,7.5,7,2,JFM,26.050043000000002,2.388866960449311
10,7.5,7,2,JFM,25.959230666666667,1.997881230254715
1,7.5,8,3,FMA,26.504488666666667,1.5541417000671276
2,7.5,8,3,FMA,26.560963666666666,1.5535016760447153
3,7.5,8,3,FMA,26.664731333333336,1.438384693129196
4,7.5,8,3,FMA,26.58324766666667,1.4119781024598836
5,7.5,8,3,FMA,26.451408333333333,1.2378420293454027
6,7.5,8,3,FMA,26.684656333333333,1.3538728270102296
7,7.5,8,3,FMA,26.815922999999998,1.7062792866079286
8,7.5,8,3,FMA,26.694987333333334,1.5157167396133333
9,7.5,8,3,FMA,26.56957733333333,1.5557368842960917
10,7.5,8,3,FMA,26.600006333333333,1.3424698213136783
1,7.5,9,4,MAM,27.24906566666667,0.9864938842185055
2,7.5,9,4,MAM,27.35361933333333,0.9095951885305735
3,7.5,9,4,MAM,27.343429,1.073184249257587
4,7.5,9,4,MAM,27.442011666666666,1.0034504504281623
5,7.5,9,4,MAM,27.315267666666667,1.044962739080576
6,7.5,9,4,MAM,27.339542666666667,0.9843251105857471
7,7.5,9,4,MAM,27.546926,1.1417146135834482
8,7.5,9,4,MAM,27.57861366666667,0.8782695531964366
9,7.5,9,4,MAM,27.464557666666668,1.08293582465299
10,7.5,9,4,MAM,27.477967333333332,1.0804201066133343
1,7.5,10,5,AMJ,27.68712833333333,0.8396657986488507
2,7.5,10,5,AMJ,27.800385,0.6876407162189665
3,7.5,10,5,AMJ,27.672323333333335,0.8539233492850575
4,7.5,10,5,AMJ,27.902883,0.5925619266010348
5,7.5,10,5,AMJ,27.858480666666665,0.8964845684340246
6,7.5,10,5,AMJ,27.58404266666667,0.841979633930573
7,7.5,10,5,AMJ,27.80674433333333,0.7043805823495405
8,7.5,10,5,AMJ,27.815811666666665,0.7791976404902303
9,7.5,10,5,AMJ,27.715012333333334,0.7540372899012653
10,7.5,10,5,AMJ,27.753431666666664,0.9270307757867817
1,7.5,11,6,MJJ,27.62351333333333,0.7711193652436792
2,7.5,11,6,MJJ,27.625241666666668,0.8321207207867809
3,7.5,11,6,MJJ,27.628857333333332,0.9184624347374715
4,7.5,11,6,MJJ,27.716046333333335,0.767075714796437
5,7.5,11,6,MJJ,27.76193633333333,0.6888193412722994
6,7.5,11,6,MJJ,27.548692666666668,0.7341089776891956
7,7.5,11,6,MJJ,27.659807333333333,0.9060094922478149
8,7.5,11,6,MJJ,27.592572,1.1496434498510335
9,7.5,11,6,MJJ,27.660401999999998,0.5256363608717242
10,7.5,11,6,MJJ,27.680373999999997,0.9685083005282762
1,7.5,12,7,JJA,26.970453666666668,1.1687920593757468
2,7.5,12,7,JJA,26.864931000000002,0.8600377401748264
3,7.5,12,7,JJA,26.634847999999998,0.650314893713103
4,7.5,12,7,JJA,26.981052666666667,1.221794740875401
5,7.5,12,7,JJA,26.845261333333333,1.104058957825745
6,7.5,12,7,JJA,26.935819666666667,1.2370006393619535
7,7.5,12,7,JJA,26.813668,1.3166052960855172
8,7.5,12,7,JJA,26.962499666666666,1.223135699899883
9,7.5,12,7,JJA,26.814788,0.9020087587682756
10,7.5,12,7,JJA,26.808148333333335,1.0450832004971273
1,8.5,1,9,ASO,25.202358333333333,1.7995122590833341
2,8.5,1,9,ASO,25.292169,1.8416531365265518
3,8.5,1,9,ASO,25.331065000000002,1.9725620665224144
4,8.5,1,9,ASO,25.096398333333333,1.5816291595109198
5,8.5,1,9,ASO,25.078385,1.593976895405172
6,8.5,1,9,ASO,25.251586666666665,1.29928564754023
7,8.5,1,9,ASO,25.338751333333335,1.600505584963676
8,8.5,1,9,ASO,25.464210666666666,1.4906383370478171
9,8.5,1,9,ASO,25.246426666666665,1.4137262122298861
10,8.5,1,9,ASO,25.23389866666667,2.420515323087817
1,8.5,2,10,SON,24.733950333333333,1.7075004638791969
2,8.5,2,10,SON,24.657192000000002,2.067337252768278
3,8.5,2,10,SON,24.686057666666667,1.7917658347357468
4,8.5,2,10,SON,24.645925,1.6572543502051738
5,8.5,2,10,SON,24.882971333333334,2.100293375487817
6,8.5,2,10,SON,24.744192,1.8034730464648285
7,8.5,2,10,SON,24.696265,2.2220034874879278
8,8.5,2,10,SON,24.761742333333334,1.8012071182323004
9,8.5,2,10,SON,24.883213333333334,2.0290165271126415
10,8.5,2,10,SON,24.862626,2.068808009397242
1,8.5,3,11,OND,25.098260999999997,2.7235881111196547
2,8.5,3,11,OND,25.055042333333333,2.507987184639194
3,8.5,3,11,OND,24.947316666666666,2.398465523009197
4,8.5,3,11,OND,25.172439666666666,3.265453494610232
5,8.5,3,11,OND,25.029414,2.4361252894593095
6,8.5,3,11,OND,24.878531666666667,3.0345865401936796
7,8.5,3,11,OND,25.239408333333333,2.280203867504024
8,8.5,3,11,OND,25.247307666666664,3.1091903276529864
9,8.5,3,11,OND,25.023699,2.5406262216575857
10,8.5,3,11,OND,24.786089666666665,1.7807395185274724
1,8.5,4,12,NDJ,25.371419,2.438831778671378
2,8.5,4,12,NDJ,25.380245666666667,2.7955890953288476
3,8.5,4,12,NDJ,25.339984,2.283726986583447
4,8.5,4,12,NDJ,25.493886999999997,2.4185212763182777
5,8.5,4,12,NDJ,25.300588666666666,2.0097791067429913
6,8.5,4,12,NDJ,25.239997333333335,2.7140056639857484
7,8.5,4,12,NDJ,25.30413766666667,2.430970503735746
8,8.5,4,12,NDJ,25.647566666666666,2.1848431248712625
9,8.5,4,12,NDJ,25.27497933333333,2.625766055309885
10,8.5,4,12,NDJ,25.158461666666668,1.9234616680281604
1,8.5,5,1,DJF,25.641405333333335,2.642362911846437
2,8.5,5,1,DJF,25.537529666666668,2.3332575110791964
3,8.5,5,1,DJF,25.497837666666666,2.1262648518529867
4,8.5,5,1,DJF,25.508651,2.7213233497058607
5,8.5,5,1,DJF,25.492833333333333,2.49239482108506
6,8.5,5,1,DJF,25.527814333333332,2.631128106218506
7,8.5,5,1,DJF,25.447805333333335,1.9978991442464389
8,8.5,5,1,DJF,25.612493333333337,3.115734958216088
9,8.5,5,1,DJF,25.33993866666667,2.3991837072533326
10,8.5,5,1,DJF,25.436246999999998,2.7346420770562068
1,8.5,6,2,JFM,25.87785566666667,2.5512325757081564
2,8.5,6,2,JFM,25.827752666666665,1.9976923546892
3,8.5,6,2,JFM,25.892318,1.7513234807958604
4,8.5,6,2,JFM,25.993849,2.2472166276989647
5,8.5,6,2,JFM,25.825252666666664,1.7673044153788502
6,8.5,6,2,JFM,25.73337366666667,2.0686807065343698
7,8.5,6,2,JFM,25.985268,2.047583402037242
8,8.5,6,2,JFM,26.077440666666668,2.262979475282301
9,8.5,6,2,JFM,25.850990000000003,2.1420569114275856
10,8.5,6,2,JFM,26.002744333333332,2.390013965866784
1,8.5,7,3,FMA,26.62935666666667,1.5177414710436805
2,8.5,7,3,FMA,26.758291,1.4773287982231036
3,8.5,7,3,FMA,26.629428,1.5908663643889658
4,8.5,7,3,FMA,26.720369333333334,1.6618835999236794
5,8.5,7,3,FMA,26.571646333333334,1.527975508258506
6,8.5,7,3,FMA,26.598011333333332,1.5808755737912645
7,8.5,7,3,FMA,26.75806933333333,1.9418875872960923
8,8.5,7,3,FMA,26.774870333333336,1.9327402782102283
9,8.5,7,3,FMA,26.592552,1.9054129503337933
10,8.5,7,3,FMA,26.518473000000004,1.578045458883793
1,8.5,8,4,MAM,27.196595,1.2908720897637924
2,8.5,8,4,MAM,27.208846,1.2115853418317257
3,8.5,8,4,MAM,27.315407,1.1895443811044815
4,8.5,8,4,MAM,27.202389666666665,1.1417460571550568
5,8.5,8,4,MAM,27.115112333333332,0.976304405190919
6,8.5,8,4,MAM,27.356933,1.0566472892148298
7,8.5,8,4,MAM,27.463142,1.3641967154924144
8,8.5,8,4,MAM,27.37222166666667,1.224560331414368
9,8.5,8,4,MAM,27.222320333333336,1.1782738813067823
10,8.5,8,4,MAM,27.272271,1.084929059161037
1,8.5,9,5,AMJ,27.782056,0.8194394693282756
2,8.5,9,5,AMJ,27.860815333333335,0.7386910104464358
3,8.5,9,5,AMJ,27.860561333333333,0.9107803959154018
4,8.5,9,5,AMJ,27.968226333333334,0.7814092386791965
5,8.5,9,5,AMJ,27.805391333333333,0.85929270233609
6,8.5,9,5,AMJ,27.852298,0.7949555186441384
7,8.5,9,5,AMJ,28.018066333333334,0.9476749816860932
8,8.5,9,5,AMJ,28.085790333333332,0.711993201189542
9,8.5,9,5,AMJ,27.969089333333333,0.9091879553719538
10,8.5,9,5,AMJ,27.940233,0.8569844742700004
1,8.5,10,6,MJJ,27.752698333333335,0.8692297670833329
2,8.5,10,6,MJJ,27.893574666666666,0.7126203609567809
3,8.5,10,6,MJJ,27.706617333333334,1.0234566310064357
4,8.5,10,6,MJJ,28.011816666666668,0.7044276443402296
5,8.5,10,6,MJJ,27.96606566666667,0.9985388015978178
6,8.5,10,6,MJJ,27.664236333333335,0.9265758307550568
7,8.5,10,6,MJJ,27.89914,0.7918412346620692
8,8.5,10,6,MJJ,27.879701,0.8821404284506887
9,8.5,10,6,MJJ,27.787059333333332,0.8768047264340237
10,8.5,10,6,MJJ,27.870706,1.0317114876386202
1,8.5,11,7,JJA,27.215870666666667,1.0012509974478156
2,8.5,11,7,JJA,27.182700666666666,1.1167489903926435
3,8.5,11,7,JJA,27.215881666666668,1.2129141879522973
4,8.5,11,7,JJA,27.302047666666667,0.9191746954943664
5,8.5,11,7,JJA,27.304262666666666,0.9100752578960919
6,8.5,11,7,JJA,27.094765666666667,0.9961072536874702
7,8.5,11,7,JJA,27.248777,1.1310633250906876
8,8.5,11,7,JJA,27.175190666666666,1.442496500896093
9,8.5,11,7,JJA,27.215111333333333,0.6145503310464369
10,8.5,11,7,JJA,27.258072000000002,1.2749439359958619
1,8.5,12,8,JAS,26.263356666666667,1.4904794011126437
2,8.5,12,8,JAS,26.136817333333333,1.1533042677719525
3,8.5,12,8,JAS,25.835110999999998,0.8724945942920693
4,8.5,12,8,JAS,26.255508000000003,1.5730957731544823
5,8.5,12,8,JAS,26.119617666666667,1.2566105216598848
6,8.5,12,8,JAS,26.211214666666667,1.5607109309567808
7,8.5,12,8,JAS,26.085304666666666,1.6745274479222976
8,8.5,12,8,JAS,26.241944666666665,1.7180632681843668
9,8.5,12,8,JAS,26.046451333333334,1.1000123092947123
10,8.5,12,8,JAS,26.098212999999998,1.239990550518276
1,9.5,1,10,SON,25.008448333333334,1.913768821772991
2,9.5,1,10,SON,25.115137666666666,2.0700814823771254
3,9.5,1,10,SON,25.131908333333335,2.176895837393677
4,9.5,1,10,SON,24.897229333333332,1.7193257171098841
5,9.5,1,10,SON,24.875206666666667,1.6727864448850567
6,9.5,1,10,SON,25.050225666666666,1.4147135568943674
7,9.5,1,10,SON,25.160617666666667,1.7930899474322965
8,9.5,1,10,SON,25.266396,1.6571758265144865
9,9.5,1,10,SON,25.043536666666668,1.4795750662367804
10,9.5,1,10,SON,25.041042333333333,2.800092461963334
1,9.5,2,11,OND,24.820110666666668,1.7939700579650582
2,9.5,2,11,OND,24.781424666666666,2.1657402616257495
3,9.5,2,11,OND,24.79138633333333,1.823098193810226
4,9.5,2,11,OND,24.752631333333333,1.6461567296395405
5,9.5,2,11,OND,24.967852,2.266111407147587
6,9.5,2,11,OND,24.846730666666666,1.8839942552823024
7,9.5,2,11,OND,24.781113333333334,2.259315043071263
8,9.5,2,11,OND,24.82163566666667,1.8514885311564382
9,9.5,2,11,OND,25.00104866666667,2.1108672625360994
10,9.5,2,11,OND,24.957971666666666,2.2070727356281634
1,9.5,3,12,NDJ,25.32504833333333,2.7399926361316087
2,9.5,3,12,NDJ,25.307692999999997,2.59335998033897
3,9.5,3,12,NDJ,25.153919666666663,2.4448895217757505
4,9.5,3,12,NDJ,25.381239,3.307573221616208
5,9.5,3,12,NDJ,25.278758333333332,2.4653450903454006
6,9.5,3,12,NDJ,25.096158,2.974947698816553
7,9.5,3,12,NDJ,25.466331,2.296729708347242
8,9.5,3,12,NDJ,25.446424333333333,3.201043643515053
9,9.5,3,12,NDJ,25.239174,2.5517914136455184
10,9.5,3,12,NDJ,25.032065,1.7793183563017216
1,9.5,4,1,DJF,25.681638,2.1919438583199993
2,9.5,4,1,DJF,25.670228666666667,2.6148331173498884
3,9.5,4,1,DJF,25.616707666666667,2.2077342379495435
4,9.5,4,1,DJF,25.739081666666667,2.2786380873729892
5,9.5,4,1,DJF,25.600075333333333,1.9023536267085042
6,9.5,4,1,DJF,25.521490333333336,2.49608898823092
7,9.5,4,1,DJF,25.562157666666668,2.3021209473081625
8,9.5,4,1,DJF,25.900654666666664,2.041149991832643
9,9.5,4,1,DJF,25.545804333333333,2.430571033135752
10,9.5,4,1,DJF,25.42458966666667,1.8423325894516054
1,9.5,5,2,JFM,26.067427000000002,2.286770205387243
2,9.5,5,2,JFM,25.996561333333332,2.018880293294713
3,9.5,5,2,JFM,25.913303,1.8702402107320693
4,9.5,5,2,JFM,25.919135666666666,2.3491122700254055
5,9.5,5,2,JFM,25.910062333333332,2.092207033301263
6,9.5,5,2,JFM,25.95825166666667,2.3153591992005707
7,9.5,5,2,JFM,25.86662833333333,1.7146895386902299
8,9.5,5,2,JFM,26.030488,2.7748177546786215
9,9.5,5,2,JFM,25.795907333333332,2.16014069624782
10,9.5,5,2,JFM,25.877736666666667,2.3723650327678145
1,9.5,6,3,FMA,26.451259,2.0683963399886203
2,9.5,6,3,FMA,26.411875000000002,1.5572472593982751
3,9.5,6,3,FMA,26.473867666666667,1.4654918131426418
4,9.5,6,3,FMA,26.576135333333333,1.8842686195360965
5,9.5,6,3,FMA,26.435634,1.4296131522248285
6,9.5,6,3,FMA,26.326477333333333,1.6732751447167844
7,9.5,6,3,FMA,26.532674,1.5737449869282778
8,9.5,6,3,FMA,26.645666,1.847198218466209
9,9.5,6,3,FMA,26.444913666666665,1.7182870625619535
10,9.5,6,3,FMA,26.521227666666668,1.9786982549840215
1,9.5,7,4,MAM,27.275408000000002,1.1719789891062062
2,9.5,7,4,MAM,27.378865,1.1535211485844803
3,9.5,7,4,MAM,27.280031333333334,1.187411324529195
4,9.5,7,4,MAM,27.346570999999997,1.2562852036989662
5,9.5,7,4,MAM,27.243454999999997,1.1205909457086212
6,9.5,7,4,MAM,27.235750666666664,1.2586910443512618
7,9.5,7,4,MAM,27.375510000000002,1.5246498111241382
8,9.5,7,4,MAM,27.41115166666667,1.525545989276436
9,9.5,7,4,MAM,27.21423533333333,1.4637749633429882
10,9.5,7,4,MAM,27.177590666666667,1.2278964090271258
1,9.5,8,5,AMJ,27.753217333333335,1.1210270321581632
2,9.5,8,5,AMJ,27.727560666666665,1.0091170674271281
3,9.5,8,5,AMJ,27.837024333333332,1.0482613715771265
4,9.5,8,5,AMJ,27.713359,0.9388575037610344
5,9.5,8,5,AMJ,27.648054,0.8436910577006884
6,9.5,8,5,AMJ,27.895201,0.8840624869541398
7,9.5,8,5,AMJ,27.945733,1.1050375311527572
8,9.5,8,5,AMJ,27.901408,1.0138570788303456
9,9.5,8,5,AMJ,27.744814666666667,0.9142880304809209
10,9.5,8,5,AMJ,27.795739,0.8710350233679311
1,9.5,9,6,MJJ,27.948930333333333,0.7782066759826447
2,9.5,9,6,MJJ,28.000064000000002,0.7295650636868972
3,9.5,9,6,MJJ,28.018525666666665,0.9373534353909195
4,9.5,9,6,MJJ,28.113173333333336,0.7550832204160896
5,9.5,9,6,MJJ,27.916667,0.820423070690689
6,9.5,9,6,MJJ,27.988406,0.7279600407282755
7,9.5,9,6,MJJ,28.135973666666665,0.9344765721550583
8,9.5,9,6,MJJ,28.23504366666667,0.7566567997136752
9,9.5,9,6,MJJ,28.102056333333334,0.9316731170033339
10,9.5,9,6,MJJ,28.040980666666666,0.8737252964822982
1,9.5,10,7,JJA,27.364314666666665,1.1367802756947127
2,9.5,10,7,JJA,27.532767666666665,0.9481324823564397
3,9.5,10,7,JJA,27.31127466666667,1.452931755274024
4,9.5,10,7,JJA,27.674712666666668,1.0276829355512638
5,9.5,10,7,JJA,27.649939,1.3062606227541407
6,9.5,10,7,JJA,27.285101,1.1770474771127588
7,9.5,10,7,JJA,27.562717333333335,1.1198329949788506
8,9.5,10,7,JJA,27.500134666666668,1.2889530893567809
9,9.5,10,7,JJA,27.435146,1.2549374571903436
10,9.5,10,7,JJA,27.548770666666666,1.3329215431443657
1,9.5,11,8,JAS,26.619532333333332,1.3432267638116104
2,9.5,11,8,JAS,26.544857999999998,1.4657954890579326
3,9.5,11,8,JAS,26.629097,1.5490538664768982
4,9.5,11,8,JAS,26.676444,1.1015299187282759
5,9.5,11,8,JAS,26.661941000000002,1.1943996782231034
6,9.5,11,8,JAS,26.433419,1.2923450610093097
7,9.5,11,8,JAS,26.64162533333333,1.4735840991153983
8,9.5,11,8,JAS,26.574202333333336,1.7768214352805756
9,9.5,11,8,JAS,26.556938333333335,0.8386727954350565
10,9.5,11,8,JAS,26.601746,1.5525439147627567
1,9.5,12,9,ASO,25.71753066666667,1.7323099420960912
2,9.5,12,9,ASO,25.580602333333335,1.4178740204254034
3,9.5,12,9,ASO,25.244605,1.0542500460948276
4,9.5,12,9,ASO,25.705790999999998,1.9331636991610357
5,9.5,12,9,ASO,25.558752333333334,1.3298189258391957
6,9.5,12,9,ASO,25.660425666666665,1.7872173104874722
7,9.5,12,9,ASO,25.519609666666668,1.9441978606033345
8,9.5,12,9,ASO,25.694936666666667,2.0632609810712625
9,9.5,12,9,ASO,25.456218333333332,1.2432602089454032
10,9.5,12,9,ASO,25.558840333333332,1.3674054162791949
1,10.5,1,11,OND,25.11380366666667,2.034559210292987
2,10.5,1,11,OND,25.222781,2.225991925643793
3,10.5,1,11,OND,25.237214666666667,2.228538473632646
4,10.5,1,11,OND,25.004776,1.8154543620110344
5,10.5,1,11,OND,25.000043333333334,1.7055769068574749
6,10.5,1,11,OND,25.129828,1.5201167524993109
7,10.5,1,11,OND,25.261356999999997,1.9589727642631025
8,10.5,1,11,OND,25.356371000000003,1.813993874602414
9,10.5,1,11,OND,25.131010333333332,1.5453284310929911
10,10.5,1,11,OND,25.148263666666665,3.0283839501481604
1,10.5,2,12,NDJ,25.06606866666667,1.7305028296188523
2,10.5,2,12,NDJ,25.023218333333332,2.150681957676439
3,10.5,2,12,NDJ,25.026013666666664,1.7333837180171263
4,10.5,2,12,NDJ,24.983875333333334,1.562281803177468
5,10.5,2,12,NDJ,25.188906,2.2355537706110327
6,10.5,2,12,NDJ,25.085015333333335,1.7989833144878173
7,10.5,2,12,NDJ,25.002227666666666,2.178783384859885
8,10.5,2,12,NDJ,25.01898933333333,1.722844691468506
9,10.5,2,12,NDJ,25.25507233333333,2.05692155594954
10,10.5,2,12,NDJ,25.189052666666665,2.170037529068507
1,10.5,3,1,DJF,25.60137,2.5677913423724124
2,10.5,3,1,DJF,25.616243333333333,2.497470136140228
3,10.5,3,1,DJF,25.413798666666665,2.268439821791262
4,10.5,3,1,DJF,25.645378333333333,2.974201882241956
5,10.5,3,1,DJF,25.568216333333332,2.313275889086091
6,10.5,3,1,DJF,25.382902333333334,2.702264394046091
7,10.5,3,1,DJF,25.732030666666667,2.1596953184202317
8,10.5,3,1,DJF,25.704411,2.9652637010506897
9,10.5,3,1,DJF,25.503830333333333,2.3365891257757516
10,10.5,3,1,DJF,25.344376,1.648435928576553
1,10.5,4,2,JFM,26.08646966666667,1.8595865143205754
2,10.5,4,2,JFM,26.064618666666668,2.2939757541567785
3,10.5,4,2,JFM,26.010528,1.9687099682372424
4,10.5,4,2,JFM,26.096593666666667,1.9770950120929875
5,10.5,4,2,JFM,26.011922333333334,1.7742042819150585
6,10.5,4,2,JFM,25.921642666666667,2.13422278597885
7,10.5,4,2,JFM,25.954939,2.050257162388617
8,10.5,4,2,JFM,26.266393666666666,1.7880206258240237
9,10.5,4,2,JFM,25.933286666666667,2.082929275595404
10,10.5,4,2,JFM,25.822572666666666,1.6951194791029878
1,10.5,5,3,FMA,26.623284,1.82718480390069
2,10.5,5,3,FMA,26.589243333333336,1.6382183221609177
3,10.5,5,3,FMA,26.48317966666667,1.5071666662929903
4,10.5,5,3,FMA,26.470712666666667,1.8262117426685056
5,10.5,5,3,FMA,26.468194333333333,1.6518526137081628
6,10.5,5,3,FMA,26.533006666666665,1.8407084045195414
7,10.5,5,3,FMA,26.44717766666667,1.3799208504322993
8,10.5,5,3,FMA,26.572345,2.2055377924051722
9,10.5,5,3,FMA,26.370752999999997,1.8437661120837945
10,10.5,5,3,FMA,26.442038333333336,1.895708706469544
1,10.5,6,4,MAM,27.09920333333333,1.61098428665747
2,10.5,6,4,MAM,27.071189333333333,1.184633750737474
3,10.5,6,4,MAM,27.141203333333333,1.1928299562712654
4,10.5,6,4,MAM,27.22303833333333,1.4882385764833344
5,10.5,6,4,MAM,27.11396166666667,1.1093070955936766
6,10.5,6,4,MAM,26.989271,1.3294967552713801
7,10.5,6,4,MAM,27.162043999999998,1.1919709946455161
8,10.5,6,4,MAM,27.281321,1.4928929469334487
9,10.5,6,4,MAM,27.107864666666668,1.3697839568671262
10,10.5,6,4,MAM,27.11943366666667,1.5677806839412645
1,10.5,7,5,AMJ,27.806928333333335,0.958958230910922
2,10.5,7,5,AMJ,27.899534333333335,0.9414772756254022
3,10.5,7,5,AMJ,27.815895,0.9089920052327557
4,10.5,7,5,AMJ,27.848542666666667,0.9888686837995417
5,10.5,7,5,AMJ,27.797134000000003,0.8863336105075876
6,10.5,7,5,AMJ,27.779972333333333,1.0829923239840198
7,10.5,7,5,AMJ,27.855709666666666,1.2181530147136763
8,10.5,7,5,AMJ,27.911704,1.2259383224317224
9,10.5,7,5,AMJ,27.699028333333334,1.1329265417936778
10,10.5,7,5,AMJ,27.72391866666667,1.0949266603774732
1,10.5,8,6,MJJ,27.952999666666663,1.1313032402791963
2,10.5,8,6,MJJ,27.899051,1.0037159606024117
3,10.5,8,6,MJJ,28.013843,1.064581021766552
4,10.5,8,6,MJJ,27.89120066666667,0.9153749718064375
5,10.5,8,6,MJJ,27.826946333333336,0.8038760986447118
6,10.5,8,6,MJJ,28.069066333333335,0.8959836855274713
7,10.5,8,6,MJJ,28.068256,1.0359703810524137
8,10.5,8,6,MJJ,28.101482999999998,0.9812844683182765
9,10.5,8,6,MJJ,27.923113333333333,0.8562727729885047
10,10.5,8,6,MJJ,27.938862333333336,0.8453569412116108
1,10.5,9,7,JJA,27.694290000000002,0.9800466328068953
2,10.5,9,7,JJA,27.710586666666664,0.9863827967264387
3,10.5,9,7,JJA,27.737197,1.1657254090355176
4,10.5,9,7,JJA,27.83250233333333,1.0062567554322985
5,10.5,9,7,JJA,27.59459766666667,1.0103721094529887
6,10.5,9,7,JJA,27.676845333333333,0.8159623143429893
7,10.5,9,7,JJA,27.844505666666667,1.1930051218598858
8,10.5,9,7,JJA,27.970233,1.091552494242413
9,10.5,9,7,JJA,27.830149666666667,1.2447662494033354
10,10.5,9,7,JJA,27.735968,1.1910741996717247
1,10.5,10,8,JAS,26.786496,1.570662102148967
2,10.5,10,8,JAS,26.964018,1.3462712254096558
3,10.5,10,8,JAS,26.719458333333332,1.950743460000576
4,10.5,10,8,JAS,27.130043,1.4223614221527583
5,10.5,10,8,JAS,27.127821333333333,1.7684502959843675
6,10.5,10,8,JAS,26.694736666666664,1.575028566643676
7,10.5,10,8,JAS,27.035575,1.5416178386327575
8,10.5,10,8,JAS,26.92422433333333,1.7826575700529879
9,10.5,10,8,JAS,26.905705333333334,1.6954101001705741
10,10.5,10,8,JAS,26.99194333333333,1.725113777988504
1,10.5,11,9,ASO,26.169359,1.7026281290024172
2,10.5,11,9,ASO,26.068089999999998,1.8520032683862082
3,10.5,11,9,ASO,26.19394133333333,1.8846258498326436
4,10.5,11,9,ASO,26.186324666666668,1.3069106841429894
5,10.5,11,9,ASO,26.166267,1.4388109695596565
6,10.5,11,9,ASO,25.912651666666665,1.5833274883385053
7,10.5,11,9,ASO,26.179547,1.8494603766010342
8,10.5,11,9,ASO,26.128151,2.1308812773748294
9,10.5,11,9,ASO,26.071852999999997,1.1136026970768966
10,10.5,11,9,ASO,26.083174333333332,1.7529654003633295
1,10.5,12,10,SON,25.556236666666667,1.9938460874091952
2,10.5,12,10,SON,25.44023866666667,1.586096105611953
3,10.5,12,10,SON,25.084856333333335,1.2203605108378155
4,10.5,12,10,SON,25.566328,2.3109331268786217
5,10.5,12,10,SON,25.420345,1.453476048108621
6,10.5,12,10,SON,25.491019666666666,1.9347467824860927
7,10.5,12,10,SON,25.35485633333333,2.110446933092986
8,10.5,12,10,SON,25.562313,2.296818842876895
9,10.5,12,10,SON,25.273977,1.3635156994493103
10,10.5,12,10,SON,25.398698666666668,1.494889911329196
