M,L,START,TARGET,SZN,MEAN_SST_GFDL_SPEAR,VAR_SST_GFDL_SPEAR
1,1.5,1,2,JFM,26.738679666666666,0.6970072714860919
2,1.5,1,2,JFM,26.732248666666667,0.5765348451154008
3,1.5,1,2,JFM,26.746541,0.6037092721058626
4,1.5,1,2,JFM,26.735400333333335,0.640981074148161
5,1.5,1,2,JFM,26.756398666666666,0.5656003690326439
6,1.5,1,2,JFM,26.708312999999997,0.6043818271044831
7,1.5,1,2,JFM,26.736152,0.6015322186924131
8,1.5,1,2,JFM,26.688406999999998,0.6064887888906882
9,1.5,1,2,JFM,26.724145333333336,0.6462621338740239
10,1.5,1,2,JFM,26.731566666666666,0.5121565652298843
11,1.5,1,2,JFM,26.748650666666666,0.5892011650133324
12,1.5,1,2,JFM,26.738398,0.5900962151889644
13,1.5,1,2,JFM,26.723712,0.6004603524165522
14,1.5,1,2,JFM,26.719157,0.566487124256207
15,1.5,1,2,JFM,26.736721,0.6063077326368959
1,1.5,2,3,FMA,27.198827333333334,0.37452937482022963
2,1.5,2,3,FMA,27.228522333333334,0.3480651361081607
3,1.5,2,3,FMA,27.207836999999998,0.37290830197344743
4,1.5,2,3,FMA,27.190658,0.40261068805793265
5,1.5,2,3,FMA,27.216539666666666,0.35697782844471154
6,1.5,2,3,FMA,27.222631333333332,0.3866234968188508
7,1.5,2,3,FMA,27.19981,0.3521711946275866
8,1.5,2,3,FMA,27.230097999999998,0.34151169566482775
9,1.5,2,3,FMA,27.212982,0.3493743818510332
10,1.5,2,3,FMA,27.213767333333333,0.35463071097885007
11,1.5,2,3,FMA,27.245425,0.37911394072931
12,1.5,2,3,FMA,27.255590333333334,0.36762263471367984
13,1.5,2,3,FMA,27.221670333333336,0.3517693358240229
14,1.5,2,3,FMA,27.230954,0.30762842705931004
15,1.5,2,3,FMA,27.214826666666667,0.38109613076781695
1,1.5,3,4,MAM,27.702579,0.2708800980024147
2,1.5,3,4,MAM,27.683028333333333,0.19000732627643724
3,1.5,3,4,MAM,27.671898333333335,0.24006514804885187
4,1.5,3,4,MAM,27.693041333333333,0.2375714590395404
5,1.5,3,4,MAM,27.704183333333333,0.22817887449885105
6,1.5,3,4,MAM,27.657169666666668,0.22078813951367812
7,1.5,3,4,MAM,27.698401333333333,0.219077505736091
8,1.5,3,4,MAM,27.72035,0.2137847810827587
9,1.5,3,4,MAM,27.706052666666665,0.20094574821333294
10,1.5,3,4,MAM,27.710841666666667,0.24196923925574626
11,1.5,3,4,MAM,27.71759266666667,0.22976974306160902
12,1.5,3,4,MAM,27.748349666666666,0.23696699277574684
13,1.5,3,4,MAM,27.690134,0.21872624670068855
14,1.5,3,4,MAM,27.697031666666664,0.2739887640212651
15,1.5,3,4,MAM,27.699629666666667,0.21979832534126387
1,1.5,4,5,AMJ,27.775993333333336,0.1196635400574714
2,1.5,4,5,AMJ,27.747477,0.1173133605389651
3,1.5,4,5,AMJ,27.783834666666667,0.12178237257057492
4,1.5,4,5,AMJ,27.787958333333332,0.11175210333160941
5,1.5,4,5,AMJ,27.796853666666667,0.15303495127229916
6,1.5,4,5,AMJ,27.796805666666668,0.14257472818402414
7,1.5,4,5,AMJ,27.76227533333333,0.12441659252229907
8,1.5,4,5,AMJ,27.761599666666665,0.13638481296195348
9,1.5,4,5,AMJ,27.778286666666666,0.1438288281057478
10,1.5,4,5,AMJ,27.790367,0.15290812993206807
11,1.5,4,5,AMJ,27.783806333333334,0.13101062816195452
12,1.5,4,5,AMJ,27.777422,0.1387968562096558
13,1.5,4,5,AMJ,27.752285333333337,0.11298571842574764
14,1.5,4,5,AMJ,27.782384,0.11466480752827557
15,1.5,4,5,AMJ,27.796631,0.12184613547137828
1,1.5,5,6,MJJ,27.461482999999998,0.156395269552757
2,1.5,5,6,MJJ,27.424011,0.1999665325127596
3,1.5,5,6,MJJ,27.451435666666665,0.1982912973081606
4,1.5,5,6,MJJ,27.490296999999998,0.15620929340103548
5,1.5,5,6,MJJ,27.457665333333335,0.19766736052919587
6,1.5,5,6,MJJ,27.474403666666667,0.18560727983781644
7,1.5,5,6,MJJ,27.448817000000002,0.19250481255965468
8,1.5,5,6,MJJ,27.449457666666667,0.17798540232195423
9,1.5,5,6,MJJ,27.430463666666665,0.17786170918953925
10,1.5,5,6,MJJ,27.452876333333332,0.22245423546540008
11,1.5,5,6,MJJ,27.468549333333332,0.17385792507540204
12,1.5,5,6,MJJ,27.464179,0.18334691089896518
13,1.5,5,6,MJJ,27.466949333333332,0.20752881050988436
14,1.5,5,6,MJJ,27.443285666666668,0.19919427379781615
15,1.5,5,6,MJJ,27.491503333333334,0.1599052781540234
1,1.5,6,7,JJA,26.999659,0.3269579538713796
2,1.5,6,7,JJA,26.95201266666667,0.35412343981333355
3,1.5,6,7,JJA,26.988839666666667,0.33271482014126463
4,1.5,6,7,JJA,26.983332,0.3419101369613791
5,1.5,6,7,JJA,26.976983,0.3785433071734474
6,1.5,6,7,JJA,26.943131333333334,0.31183728568092034
7,1.5,6,7,JJA,26.971042666666666,0.2926982726822985
8,1.5,6,7,JJA,26.976568,0.3984272765958614
9,1.5,6,7,JJA,26.967000666666667,0.34528337071678183
10,1.5,6,7,JJA,26.973652,0.3586417826786198
11,1.5,6,7,JJA,26.918244333333334,0.3753386927288495
12,1.5,6,7,JJA,27.005780333333334,0.3050873001619542
13,1.5,6,7,JJA,26.981257666666668,0.35676872338402377
14,1.5,6,7,JJA,26.967457666666668,0.3390050994943675
15,1.5,6,7,JJA,27.015434000000003,0.30889779434896625
1,1.5,7,8,JAS,26.664135666666667,0.47554077597712596
2,1.5,7,8,JAS,26.625246333333333,0.5206725846722973
3,1.5,7,8,JAS,26.735927333333333,0.5190971555581604
4,1.5,7,8,JAS,26.658905,0.5541777161499998
5,1.5,7,8,JAS,26.671827,0.48429935164241456
6,1.5,7,8,JAS,26.68132166666667,0.5536639112143673
7,1.5,7,8,JAS,26.698865333333334,0.5066320057154018
8,1.5,7,8,JAS,26.682910333333332,0.5220712155067811
9,1.5,7,8,JAS,26.622188,0.5728858722579284
10,1.5,7,8,JAS,26.680597,0.5055861119803452
11,1.5,7,8,JAS,26.667351666666665,0.5197796744143666
12,1.5,7,8,JAS,26.679079333333334,0.5553951787305745
13,1.5,7,8,JAS,26.657855333333334,0.542838576087816
14,1.5,7,8,JAS,26.687298333333334,0.5224755705936769
15,1.5,7,8,JAS,26.654283333333336,0.5957781439747133
1,1.5,8,9,ASO,26.61298233333333,0.6744177371702307
2,1.5,8,9,ASO,26.601147333333333,0.6192007343305765
3,1.5,8,9,ASO,26.62150666666667,0.681728317471265
4,1.5,8,9,ASO,26.60213333333333,0.6729059060850572
5,1.5,8,9,ASO,26.602414827586205,0.7227882516115774
6,1.5,8,9,ASO,26.590508666666665,0.648293627032644
7,1.5,8,9,ASO,26.559329333333334,0.6645043153788499
8,1.5,8,9,ASO,26.614604999999997,0.7457735098465512
9,1.5,8,9,ASO,26.587600333333334,0.684059848692988
10,1.5,8,9,ASO,26.556848666666667,0.6640007266050576
11,1.5,8,9,ASO,26.631320000000002,0.7023724868206901
12,1.5,8,9,ASO,26.621956,0.6313492973834475
13,1.5,8,9,ASO,26.613089666666667,0.6905199394722991
14,1.5,8,9,ASO,26.565144999999998,0.5738166873775867
15,1.5,8,9,ASO,26.589103666666666,0.7447350952998861
1,1.5,9,10,SON,26.700827666666665,0.8004003813219531
2,1.5,9,10,SON,26.70334,0.804872122468965
3,1.5,9,10,SON,26.734994333333336,0.8334247145564375
4,1.5,9,10,SON,26.693443,0.8386003226975869
5,1.5,9,10,SON,26.666585,0.8289237278948282
6,1.5,9,10,SON,26.667795,0.8735849541568975
7,1.5,9,10,SON,26.686427,0.8488564160079313
8,1.5,9,10,SON,26.712854,0.7976467696800009
9,1.5,9,10,SON,26.693270666666667,0.9109839984478147
10,1.5,9,10,SON,26.645315,0.7849774365155169
11,1.5,9,10,SON,26.66048933333333,0.7877721590478156
12,1.5,9,10,SON,26.711344333333333,0.8411282252943691
13,1.5,9,10,SON,26.695978333333336,0.7774801998143672
14,1.5,9,10,SON,26.67933833333333,0.8461409198143689
15,1.5,9,10,SON,26.698844,0.8321676121834485
1,1.5,10,11,OND,26.661641999999997,1.0469011614372408
2,1.5,10,11,OND,26.644838,0.9376085552096554
3,1.5,10,11,OND,26.690128,0.9489535829475869
4,1.5,10,11,OND,26.667462,0.9887163026993103
5,1.5,10,11,OND,26.656471333333332,1.0417644135912645
6,1.5,10,11,OND,26.62762366666667,0.9256413169343678
7,1.5,10,11,OND,26.667789000000003,0.9730148353058613
8,1.5,10,11,OND,26.657253333333333,0.9337005865816086
9,1.5,10,11,OND,26.669847666666666,1.0249885389978168
10,1.5,10,11,OND,26.654881,0.9921486646368964
11,1.5,10,11,OND,26.654826,0.9722703293558623
12,1.5,10,11,OND,26.66371333333333,1.054540173498851
13,1.5,10,11,OND,26.681197,1.0230164108768962
14,1.5,10,11,OND,26.664737666666667,0.9699714492185059
15,1.5,10,11,OND,26.655548333333336,1.0174670757867803
1,1.5,11,12,NDJ,26.56464,0.9223780028000002
2,1.5,11,12,NDJ,26.545828333333336,0.9933450698833334
3,1.5,11,12,NDJ,26.55051166666667,1.0091632847867817
4,1.5,11,12,NDJ,26.545022333333335,0.9529037739495407
5,1.5,11,12,NDJ,26.549244333333334,0.9279516950047132
6,1.5,11,12,NDJ,26.528299666666666,0.9706828606722995
7,1.5,11,12,NDJ,26.55884466666667,1.028090746005057
8,1.5,11,12,NDJ,26.532321333333336,0.9564131324395413
9,1.5,11,12,NDJ,26.528572333333333,1.0102624390943682
10,1.5,11,12,NDJ,26.512691333333336,0.9265926906602285
11,1.5,11,12,NDJ,26.543904666666666,0.9618180541085052
12,1.5,11,12,NDJ,26.552015666666666,1.014857643142644
13,1.5,11,12,NDJ,26.537447666666665,1.0076624434254033
14,1.5,11,12,NDJ,26.540994666666666,0.9965664141705738
15,1.5,11,12,NDJ,26.522579666666665,0.963087591120574
1,1.5,12,1,DJF,26.457330000000002,0.9160587884482752
2,1.5,12,1,DJF,26.48701,0.9131254438965521
3,1.5,12,1,DJF,26.507684666666666,0.8805728449429888
4,1.5,12,1,DJF,26.482858,0.8364585032096558
5,1.5,12,1,DJF,26.443395000000002,0.8602996314396547
6,1.5,12,1,DJF,26.440967,0.927749869538965
7,1.5,12,1,DJF,26.485340333333333,0.8352826910998856
8,1.5,12,1,DJF,26.484801333333333,0.8411647209912646
9,1.5,12,1,DJF,26.470200666666667,0.8894532105719539
10,1.5,12,1,DJF,26.485599333333333,0.8429374607374711
11,1.5,12,1,DJF,26.47715966666667,0.8549205052722988
12,1.5,12,1,DJF,26.49262,0.8876613076620683
13,1.5,12,1,DJF,26.507464666666667,0.9150240203636779
14,1.5,12,1,DJF,26.449118,0.9237860748096548
15,1.5,12,1,DJF,26.470324,0.841193049886896
1,2.5,1,3,FMA,27.141534999999998,0.5052169967913783
2,2.5,1,3,FMA,27.158079999999998,0.35979067154482774
3,2.5,1,3,FMA,27.166461,0.36386258237482916
4,2.5,1,3,FMA,27.169881999999998,0.4275257739751722
5,2.5,1,3,FMA,27.189504666666668,0.3316345641981615
6,2.5,1,3,FMA,27.111731333333335,0.3896631321843676
7,2.5,1,3,FMA,27.159960666666667,0.40407732069609165
8,2.5,1,3,FMA,27.078621,0.38077968623000014
9,2.5,1,3,FMA,27.137651,0.4575488132713797
10,2.5,1,3,FMA,27.147808333333334,0.31397495718678076
11,2.5,1,3,FMA,27.166072666666665,0.37052723561333356
12,2.5,1,3,FMA,27.149745666666668,0.3739853828805748
13,2.5,1,3,FMA,27.145192333333334,0.3875303424874711
14,2.5,1,3,FMA,27.140326666666667,0.3742380495954022
15,2.5,1,3,FMA,27.145321666666668,0.39700588351781596
1,2.5,2,4,MAM,27.555469666666667,0.20089143269298793
2,2.5,2,4,MAM,27.592573333333334,0.16709309160229915
3,2.5,2,4,MAM,27.58784066666667,0.22201082742712572
4,2.5,2,4,MAM,27.568269333333333,0.26241511368229814
5,2.5,2,4,MAM,27.593472000000002,0.1958979313544834
6,2.5,2,4,MAM,27.607329666666665,0.24046236152057474
7,2.5,2,4,MAM,27.54418666666667,0.23284328299540147
8,2.5,2,4,MAM,27.604965,0.19892312235689621
9,2.5,2,4,MAM,27.586707666666666,0.2006043695633319
10,2.5,2,4,MAM,27.579170666666666,0.20013417673057451
11,2.5,2,4,MAM,27.612971666666667,0.22622052131091883
12,2.5,2,4,MAM,27.641767666666667,0.2023030614874726
13,2.5,2,4,MAM,27.570168666666667,0.20950145214298932
14,2.5,2,4,MAM,27.603899333333334,0.18388381511678134
15,2.5,2,4,MAM,27.592820333333336,0.24909527956885125
1,2.5,3,5,AMJ,27.782698333333332,0.1846739929454022
2,2.5,3,5,AMJ,27.734409000000003,0.1179301798713796
3,2.5,3,5,AMJ,27.730020666666668,0.14774626693057574
4,2.5,3,5,AMJ,27.757830000000002,0.13123495985517353
5,2.5,3,5,AMJ,27.776467,0.1499485006217233
6,2.5,3,5,AMJ,27.692108,0.12485528454069093
7,2.5,3,5,AMJ,27.724953000000003,0.14481210615275886
8,2.5,3,5,AMJ,27.799671,0.1376504179748266
9,2.5,3,5,AMJ,27.775490666666666,0.10990428986850588
10,2.5,3,5,AMJ,27.784768666666665,0.1704285789429883
11,2.5,3,5,AMJ,27.802856333333335,0.1460030589412644
12,2.5,3,5,AMJ,27.827302333333332,0.1577030319219536
13,2.5,3,5,AMJ,27.75593233333333,0.14902290824609093
14,2.5,3,5,AMJ,27.767037000000002,0.18951875607689828
15,2.5,3,5,AMJ,27.753727,0.13983083767689664
1,2.5,4,6,MJJ,27.406955999999997,0.1784825388110329
2,2.5,4,6,MJJ,27.34764733333333,0.18575728948229986
3,2.5,4,6,MJJ,27.396351666666664,0.1623446668212629
4,2.5,4,6,MJJ,27.415233333333333,0.14214838945747116
5,2.5,4,6,MJJ,27.45841066666667,0.1554738572271267
6,2.5,4,6,MJJ,27.442031333333333,0.13972902832229772
7,2.5,4,6,MJJ,27.392359,0.14264157419551507
8,2.5,4,6,MJJ,27.402712333333334,0.17534233652195386
9,2.5,4,6,MJJ,27.407533666666666,0.18890522495505582
10,2.5,4,6,MJJ,27.422711333333332,0.1710345848119534
11,2.5,4,6,MJJ,27.430298,0.16364882165793118
12,2.5,4,6,MJJ,27.404920666666666,0.18308958823402405
13,2.5,4,6,MJJ,27.386622666666664,0.17089970129609092
14,2.5,4,6,MJJ,27.418892333333336,0.15318454715643617
15,2.5,4,6,MJJ,27.415567,0.15619534094586168
1,2.5,5,7,JJA,26.923353000000002,0.3137088427182765
2,2.5,5,7,JJA,26.872004,0.3571651597696562
3,2.5,5,7,JJA,26.91122933333333,0.3853938730340221
4,2.5,5,7,JJA,26.956411,0.28892598174034523
5,2.5,5,7,JJA,26.930142999999997,0.33778576023551743
6,2.5,5,7,JJA,26.95783833333333,0.3503575240212642
7,2.5,5,7,JJA,26.923191666666664,0.3659367073936785
8,2.5,5,7,JJA,26.914322666666667,0.30406404014436733
9,2.5,5,7,JJA,26.886573333333335,0.3481906031678158
10,2.5,5,7,JJA,26.95246566666667,0.4527400959771272
11,2.5,5,7,JJA,26.936876333333334,0.3280686944309189
12,2.5,5,7,JJA,26.958435333333334,0.3748041219843678
13,2.5,5,7,JJA,26.944494666666667,0.37093497630850686
14,2.5,5,7,JJA,26.918562333333334,0.38209176189436816
15,2.5,5,7,JJA,26.985397,0.33774717662862214
1,2.5,6,8,JAS,26.525756333333334,0.4961097476654021
2,2.5,6,8,JAS,26.462190000000003,0.5362503089379311
3,2.5,6,8,JAS,26.522045333333335,0.5204814936464364
4,2.5,6,8,JAS,26.535461333333334,0.49574208913609136
5,2.5,6,8,JAS,26.488152333333336,0.6184152656116094
6,2.5,6,8,JAS,26.449224333333333,0.4788126162598858
7,2.5,6,8,JAS,26.496929666666666,0.42357855176885034
8,2.5,6,8,JAS,26.494079666666668,0.6186275952929884
9,2.5,6,8,JAS,26.491491666666665,0.49783179126954197
10,2.5,6,8,JAS,26.477011333333333,0.5433725757085061
11,2.5,6,8,JAS,26.395256,0.5672227508455179
12,2.5,6,8,JAS,26.55008366666667,0.46615903914126416
13,2.5,6,8,JAS,26.518104333333333,0.5232988501426442
14,2.5,6,8,JAS,26.469284666666667,0.5345573897291964
15,2.5,6,8,JAS,26.568042,0.47928327194068854
1,2.5,7,9,ASO,26.383873,0.608141621476895
2,2.5,7,9,ASO,26.327815,0.6717028511706892
3,2.5,7,9,ASO,26.498680666666665,0.7138145991719538
4,2.5,7,9,ASO,26.394298666666668,0.7612699173705736
5,2.5,7,9,ASO,26.395660666666668,0.6497679387236788
6,2.5,7,9,ASO,26.421039333333333,0.7654264315857477
7,2.5,7,9,ASO,26.429483666666666,0.6728520693205746
8,2.5,7,9,ASO,26.415297,0.7110994230631027
9,2.5,7,9,ASO,26.352952333333334,0.7671649758047124
10,2.5,7,9,ASO,26.401603,0.6815210350631017
11,2.5,7,9,ASO,26.371235666666667,0.7102765189702301
12,2.5,7,9,ASO,26.395834333333333,0.7767178066874709
13,2.5,7,9,ASO,26.381054333333335,0.7691374598254024
14,2.5,7,9,ASO,26.394327333333333,0.7131160578616097
15,2.5,7,9,ASO,26.388663,0.8063815664699993
1,2.5,8,10,SON,26.494493,0.8771507334837927
2,2.5,8,10,SON,26.503922666666664,0.7797577241236793
3,2.5,8,10,SON,26.532847333333333,0.8832342137236789
4,2.5,8,10,SON,26.502077333333332,0.9255807146340218
5,2.5,8,10,SON,26.50209896551724,0.9745200808524619
6,2.5,8,10,SON,26.465108999999998,0.8951651543196545
7,2.5,8,10,SON,26.454005,0.8638025728120686
8,2.5,8,10,SON,26.523236999999998,1.028466946745862
9,2.5,8,10,SON,26.480364333333334,0.8910748725288495
10,2.5,8,10,SON,26.421489,0.9137738442093103
11,2.5,8,10,SON,26.568019666666665,0.9737715208516073
12,2.5,8,10,SON,26.548168,0.8573854087544837
13,2.5,8,10,SON,26.517043666666666,0.9617243825274723
14,2.5,8,10,SON,26.436433,0.7904077994906895
15,2.5,8,10,SON,26.488640333333333,1.0247999515619526
1,2.5,9,11,OND,26.609675666666664,0.9767970583357488
2,2.5,9,11,OND,26.613352000000003,0.9519651014924141
3,2.5,9,11,OND,26.646287333333337,1.0083670473443687
4,2.5,9,11,OND,26.591088,1.0384783859131024
5,2.5,9,11,OND,26.566390000000002,0.9998614884482763
6,2.5,9,11,OND,26.569455,1.1109285138534488
7,2.5,9,11,OND,26.583289999999998,1.075826650993105
8,2.5,9,11,OND,26.623071333333332,0.9543035818257457
9,2.5,9,11,OND,26.605002,1.1554346563682747
10,2.5,9,11,OND,26.519007666666667,0.9556539124874714
11,2.5,9,11,OND,26.568983,0.9618272918424143
12,2.5,9,11,OND,26.629603333333332,1.0321762996298858
13,2.5,9,11,OND,26.58728,0.9403665972551734
14,2.5,9,11,OND,26.58963,1.0803405707862077
15,2.5,9,11,OND,26.612444666666665,1.0363415855843663
1,2.5,10,12,NDJ,26.465844333333333,1.1309924085426442
2,2.5,10,12,NDJ,26.470405333333336,0.9658159079498847
3,2.5,10,12,NDJ,26.509323333333334,1.037010474988505
4,2.5,10,12,NDJ,26.476174333333333,1.0632281161564365
5,2.5,10,12,NDJ,26.473200000000002,1.0854771203655178
6,2.5,10,12,NDJ,26.45372166666667,0.9765133007729883
7,2.5,10,12,NDJ,26.484639,0.9875604784989648
8,2.5,10,12,NDJ,26.4725,0.9884864839655173
9,2.5,10,12,NDJ,26.47604533333333,1.0957450590257476
10,2.5,10,12,NDJ,26.494779,1.0684082022713786
11,2.5,10,12,NDJ,26.471187,1.0143208021458623
12,2.5,10,12,NDJ,26.493558,1.1375271366717246
13,2.5,10,12,NDJ,26.512875666666666,1.0871954076874721
14,2.5,10,12,NDJ,26.496607,1.066168063359655
15,2.5,10,12,NDJ,26.466156,1.0438277129558615
1,2.5,11,1,DJF,26.447425,0.8094262412327583
2,2.5,11,1,DJF,26.410184333333333,0.9066321367012636
3,2.5,11,1,DJF,26.454019000000002,0.8120487906093112
4,2.5,11,1,DJF,26.41062966666667,0.8426473255688511
5,2.5,11,1,DJF,26.439887666666667,0.7223595379564361
6,2.5,11,1,DJF,26.419482000000002,0.874986128161378
7,2.5,11,1,DJF,26.443104333333334,0.8818862784667814
8,2.5,11,1,DJF,26.415449666666667,0.8135177350585062
9,2.5,11,1,DJF,26.409025999999997,0.8523076465696541
10,2.5,11,1,DJF,26.390080666666666,0.8392397029029894
11,2.5,11,1,DJF,26.408898,0.8002337918924145
12,2.5,11,1,DJF,26.430343999999998,0.875928645038621
13,2.5,11,1,DJF,26.426830333333335,0.8834415791205746
14,2.5,11,1,DJF,26.444677000000002,0.8396069593320683
15,2.5,11,1,DJF,26.399319,0.8211508989886203
1,2.5,12,2,JFM,26.640397,0.6537895077665518
2,2.5,12,2,JFM,26.647830333333335,0.6591463529067825
3,2.5,12,2,JFM,26.684379666666665,0.6615941754722985
4,2.5,12,2,JFM,26.639262,0.5787903996372422
5,2.5,12,2,JFM,26.605547333333334,0.5999678915374712
6,2.5,12,2,JFM,26.562377,0.7424686809389656
7,2.5,12,2,JFM,26.633323,0.5829359393734488
8,2.5,12,2,JFM,26.636802333333332,0.59206779717023
9,2.5,12,2,JFM,26.629770333333333,0.6014600104378164
10,2.5,12,2,JFM,26.664151666666665,0.5953123390488502
11,2.5,12,2,JFM,26.638526333333335,0.5753897385826432
12,2.5,12,2,JFM,26.656248666666666,0.6355209955567813
13,2.5,12,2,JFM,26.673643000000002,0.693758138725171
14,2.5,12,2,JFM,26.591665666666664,0.7150410364943686
15,2.5,12,2,JFM,26.618044333333334,0.5685904197633337
1,3.5,1,4,MAM,27.52269533333333,0.38822336170160715
2,3.5,1,4,MAM,27.541138666666665,0.24420318054988546
3,3.5,1,4,MAM,27.538247333333334,0.21832453311678182
4,3.5,1,4,MAM,27.557344,0.31364477383172396
5,3.5,1,4,MAM,27.568900333333332,0.1994464925550575
6,3.5,1,4,MAM,27.478091333333335,0.2869320307016094
7,3.5,1,4,MAM,27.552362333333335,0.3104903357357468
8,3.5,1,4,MAM,27.443358,0.2267915962372417
9,3.5,1,4,MAM,27.503938,0.37986814129931057
10,3.5,1,4,MAM,27.519890333333333,0.20271305072057477
11,3.5,1,4,MAM,27.528647999999997,0.24377180745793084
12,3.5,1,4,MAM,27.516545666666666,0.25055558810816086
13,3.5,1,4,MAM,27.53999,0.25132963518620666
14,3.5,1,4,MAM,27.531742666666666,0.29103557141333336
15,3.5,1,4,MAM,27.502812333333335,0.26828923025988566
1,3.5,2,5,AMJ,27.597928666666668,0.1607060435498852
2,3.5,2,5,AMJ,27.617756666666665,0.10117903055402305
3,3.5,2,5,AMJ,27.636975,0.15881146995689838
4,3.5,2,5,AMJ,27.620746,0.16581904385241458
5,3.5,2,5,AMJ,27.637654,0.14102485570758583
6,3.5,2,5,AMJ,27.650001333333332,0.16736629270161094
7,3.5,2,5,AMJ,27.576935666666667,0.19954071850126381
8,3.5,2,5,AMJ,27.642897333333334,0.14897952711678145
9,3.5,2,5,AMJ,27.64590133333333,0.13702666681885198
10,3.5,2,5,AMJ,27.617670333333333,0.11052244660333252
11,3.5,2,5,AMJ,27.650361,0.17424514551275885
12,3.5,2,5,AMJ,27.682040333333337,0.1412703231205742
13,3.5,2,5,AMJ,27.570797000000002,0.17093453740103223
14,3.5,2,5,AMJ,27.66272,0.15510793022068875
15,3.5,2,5,AMJ,27.638920666666664,0.17065754799954022
1,3.5,3,6,MJJ,27.38296066666667,0.25113706258574653
2,3.5,3,6,MJJ,27.323673333333332,0.16619303790574746
3,3.5,3,6,MJJ,27.349695999999998,0.1824669276041363
4,3.5,3,6,MJJ,27.346163666666666,0.19608904434815988
5,3.5,3,6,MJJ,27.365095,0.2045072811913808
6,3.5,3,6,MJJ,27.262272333333332,0.18629481932884975
7,3.5,3,6,MJJ,27.255757000000003,0.22866534520793091
8,3.5,3,6,MJJ,27.412435666666667,0.2320234039081609
9,3.5,3,6,MJJ,27.394665,0.16714791062586248
10,3.5,3,6,MJJ,27.373153,0.2409249407734502
11,3.5,3,6,MJJ,27.416261666666667,0.23120357726264434
12,3.5,3,6,MJJ,27.397810333333332,0.22661424243091965
13,3.5,3,6,MJJ,27.334175666666667,0.2289839773633319
14,3.5,3,6,MJJ,27.367143,0.22236981984241627
15,3.5,3,6,MJJ,27.329616666666666,0.19209685915402322
1,3.5,4,7,JJA,26.828289333333334,0.34664762913057434
2,3.5,4,7,JJA,26.74952066666667,0.3613609239374712
3,3.5,4,7,JJA,26.808207999999997,0.35424763917517216
4,3.5,4,7,JJA,26.81539233333333,0.31763866334954016
5,3.5,4,7,JJA,26.905881333333333,0.2747337297912638
6,3.5,4,7,JJA,26.869515666666665,0.2567238617978161
7,3.5,4,7,JJA,26.826475333333335,0.25020642460505754
8,3.5,4,7,JJA,26.828342000000003,0.34581634543034506
9,3.5,4,7,JJA,26.841543,0.32928609858724195
10,3.5,4,7,JJA,26.857252666666668,0.32475605619954
11,3.5,4,7,JJA,26.85183,0.31204029615172457
12,3.5,4,7,JJA,26.806975,0.36001704490861963
13,3.5,4,7,JJA,26.826640333333334,0.3516886404791959
14,3.5,4,7,JJA,26.836289333333333,0.2691890385167807
15,3.5,4,7,JJA,26.790839666666667,0.3618162449067814
1,3.5,5,8,JAS,26.452423333333336,0.47256080382298876
2,3.5,5,8,JAS,26.406609666666668,0.4909769840585048
3,3.5,5,8,JAS,26.446994333333336,0.6106984381840233
4,3.5,5,8,JAS,26.484091666666664,0.42921260118678123
5,3.5,5,8,JAS,26.468228,0.4943885347889629
6,3.5,5,8,JAS,26.488221333333335,0.5376565830257465
7,3.5,5,8,JAS,26.478168999999998,0.5441405088506914
8,3.5,5,8,JAS,26.45671666666667,0.45386079153333364
9,3.5,5,8,JAS,26.420349333333334,0.5007008208616083
10,3.5,5,8,JAS,26.513679,0.7038586315472405
11,3.5,5,8,JAS,26.454955666666667,0.5023327795219539
12,3.5,5,8,JAS,26.521407333333332,0.5876468028409202
13,3.5,5,8,JAS,26.487696333333336,0.51359946936885
14,3.5,5,8,JAS,26.452170000000002,0.5270531629517243
15,3.5,5,8,JAS,26.53711333333333,0.5468267000436763
1,3.5,6,9,ASO,26.271213333333332,0.6608430211195411
2,3.5,6,9,ASO,26.246385333333333,0.6930331471912652
3,3.5,6,9,ASO,26.283742,0.7304611043889672
4,3.5,6,9,ASO,26.332428,0.6352680872786206
5,3.5,6,9,ASO,26.23580466666667,0.8637930090257455
6,3.5,6,9,ASO,26.20160566666667,0.6233634834254024
7,3.5,6,9,ASO,26.271013,0.5479124166217244
8,3.5,6,9,ASO,26.258215333333332,0.8087667408395404
9,3.5,6,9,ASO,26.2652,0.6294092903517254
10,3.5,6,9,ASO,26.220172666666667,0.7136055680133345
11,3.5,6,9,ASO,26.13931566666667,0.695383736301265
12,3.5,6,9,ASO,26.332818,0.676741970982069
13,3.5,6,9,ASO,26.300853,0.6766137541527586
14,3.5,6,9,ASO,26.208555333333333,0.6904105236188509
15,3.5,6,9,ASO,26.359018,0.6476924713337928
1,3.5,7,10,SON,26.301963666666666,0.7201381557550581
2,3.5,7,10,SON,26.259283666666665,0.8206568035619545
3,3.5,7,10,SON,26.47976333333333,0.9153876706298855
4,3.5,7,10,SON,26.370059333333334,0.9573087813719551
5,3.5,7,10,SON,26.344303333333336,0.8222482183126444
6,3.5,7,10,SON,26.362649666666666,0.9617654792378165
7,3.5,7,10,SON,26.365788666666667,0.8082250024326436
8,3.5,7,10,SON,26.353499333333332,0.8910588916685057
9,3.5,7,10,SON,26.290899000000003,0.9893240774093119
10,3.5,7,10,SON,26.32059033333333,0.9268151554447139
11,3.5,7,10,SON,26.295205,0.893857946522414
12,3.5,7,10,SON,26.32694,0.9399626551586207
13,3.5,7,10,SON,26.320097666666666,1.0324882079840225
14,3.5,7,10,SON,26.307982666666664,0.8735185166891951
15,3.5,7,10,SON,26.334436,0.9859688121144818
1,3.5,8,11,OND,26.393062333333333,1.051625737839197
2,3.5,8,11,OND,26.448580333333332,0.9213403030102296
3,3.5,8,11,OND,26.471679333333334,1.0999920344547107
4,3.5,8,11,OND,26.440530333333335,1.1708710350171263
5,3.5,8,11,OND,26.443542413793104,1.2149073018118215
6,3.5,8,11,OND,26.37465166666667,1.1253992201867813
7,3.5,8,11,OND,26.388370000000002,1.0508452342482792
8,3.5,8,11,OND,26.459330333333334,1.2657878715619542
9,3.5,8,11,OND,26.376388000000002,1.1052002850924139
10,3.5,8,11,OND,26.328951333333336,1.155694569274023
11,3.5,8,11,OND,26.511797,1.2253046676286223
12,3.5,8,11,OND,26.504384333333334,1.0910328569426442
13,3.5,8,11,OND,26.433441000000002,1.243229534202415
14,3.5,8,11,OND,26.34319533333333,1.010948128122298
15,3.5,8,11,OND,26.412462,1.2918594807062065
1,3.5,9,12,NDJ,26.429645666666666,1.044313550039196
2,3.5,9,12,NDJ,26.433567666666665,0.9812708363633329
3,3.5,9,12,NDJ,26.481930666666667,1.0997258781650578
4,3.5,9,12,NDJ,26.410545333333335,1.126018044163677
5,3.5,9,12,NDJ,26.400011666666668,1.0714887114902298
6,3.5,9,12,NDJ,26.378014,1.2123017727420693
7,3.5,9,12,NDJ,26.411909333333334,1.189392554116782
8,3.5,9,12,NDJ,26.447603,1.0159980951320688
9,3.5,9,12,NDJ,26.424469,1.3030287482920697
10,3.5,9,12,NDJ,26.301885333333335,1.0216795267498848
11,3.5,9,12,NDJ,26.397874333333334,1.0733979666805755
12,3.5,9,12,NDJ,26.47004433333333,1.1150873531288505
13,3.5,9,12,NDJ,26.418052333333332,1.0289593574322986
14,3.5,9,12,NDJ,26.428725666666665,1.2207979303702299
15,3.5,9,12,NDJ,26.436114999999997,1.1959410727362054
1,3.5,10,1,DJF,26.311767333333332,1.0580520441236785
2,3.5,10,1,DJF,26.366210000000002,0.8722582405034471
3,3.5,10,1,DJF,26.349879333333334,0.9961165629512642
4,3.5,10,1,DJF,26.323406666666667,0.9496530957333335
5,3.5,10,1,DJF,26.33682333333333,0.9204623090229892
6,3.5,10,1,DJF,26.341806000000002,0.898552791059312
7,3.5,10,1,DJF,26.340018999999998,0.8378058328024147
8,3.5,10,1,DJF,26.342344333333337,0.949105642639195
9,3.5,10,1,DJF,26.327823333333335,0.9826624980091963
10,3.5,10,1,DJF,26.368543666666667,0.9814062205205756
11,3.5,10,1,DJF,26.323236666666666,0.8849708853264376
12,3.5,10,1,DJF,26.392258333333334,1.0289223016833344
13,3.5,10,1,DJF,26.411942333333332,0.9582308359081604
14,3.5,10,1,DJF,26.370294,1.0071414027489665
15,3.5,10,1,DJF,26.327794333333333,0.8865490088391941
1,3.5,11,2,JFM,26.532626999999998,0.754223982442412
2,3.5,11,2,JFM,26.516253,0.7970540766217242
3,3.5,11,2,JFM,26.612805666666667,0.5931059143495404
4,3.5,11,2,JFM,26.543619999999997,0.6568309208758617
5,3.5,11,2,JFM,26.556531666666668,0.5211829924902306
6,3.5,11,2,JFM,26.568097,0.7096198545596555
7,3.5,11,2,JFM,26.576915,0.6838634031293099
8,3.5,11,2,JFM,26.543661,0.5904980403265526
9,3.5,11,2,JFM,26.537322333333336,0.6679350002391956
10,3.5,11,2,JFM,26.495631,0.7532053938851706
11,3.5,11,2,JFM,26.519388333333332,0.6487356269385065
12,3.5,11,2,JFM,26.534047666666666,0.7104913544322989
13,3.5,11,2,JFM,26.580816333333335,0.7592105463964355
14,3.5,11,2,JFM,26.571061,0.6695335856920688
15,3.5,11,2,JFM,26.545427333333336,0.6493917193098847
1,3.5,12,3,FMA,27.064431000000003,0.44802130518172445
2,3.5,12,3,FMA,27.050221333333333,0.47953049254988583
3,3.5,12,3,FMA,27.122586000000002,0.5088006508937927
4,3.5,12,3,FMA,27.039949999999997,0.41257423921379205
5,3.5,12,3,FMA,27.027878666666666,0.41400132230850517
6,3.5,12,3,FMA,26.967331,0.6122168257679315
7,3.5,12,3,FMA,27.03950766666667,0.41508755097022887
8,3.5,12,3,FMA,27.033960999999998,0.40027328149896496
9,3.5,12,3,FMA,27.042502,0.39069112215448176
10,3.5,12,3,FMA,27.083744000000003,0.4051138511834489
11,3.5,12,3,FMA,27.04398666666667,0.38424207970574675
12,3.5,12,3,FMA,27.08251,0.43339899901379375
13,3.5,12,3,FMA,27.085952000000002,0.4885587592165513
14,3.5,12,3,FMA,27.00218166666667,0.5094633783178165
15,3.5,12,3,FMA,27.022859666666665,0.3962652055343678
1,4.5,1,5,AMJ,27.587971,0.28345278557482606
2,4.5,1,5,AMJ,27.604879666666665,0.1878484226033335
3,4.5,1,5,AMJ,27.60331066666667,0.170934842151264
4,4.5,1,5,AMJ,27.615692333333335,0.28185097368747136
5,4.5,1,5,AMJ,27.617899333333334,0.16743705759954053
6,4.5,1,5,AMJ,27.532648333333334,0.2470087746833345
7,4.5,1,5,AMJ,27.643017999999998,0.2870204199062081
8,4.5,1,5,AMJ,27.494111999999998,0.17890430816827527
9,4.5,1,5,AMJ,27.569317333333334,0.32932981658574717
10,4.5,1,5,AMJ,27.597644666666667,0.1487328785981616
11,4.5,1,5,AMJ,27.57631233333333,0.185630111101264
12,4.5,1,5,AMJ,27.552122666666666,0.2006945270409194
13,4.5,1,5,AMJ,27.61285566666667,0.16739810182540238
14,4.5,1,5,AMJ,27.626901666666665,0.22535294964195385
15,4.5,1,5,AMJ,27.546004999999997,0.19720055021896576
1,4.5,2,6,MJJ,27.223357333333336,0.2911629865443678
2,4.5,2,6,MJJ,27.190609666666667,0.1649314241619539
3,4.5,2,6,MJJ,27.234702000000002,0.21934246334758456
4,4.5,2,6,MJJ,27.241926,0.19290965690068843
5,4.5,2,6,MJJ,27.262921,0.25747630216103473
6,4.5,2,6,MJJ,27.25430233333333,0.22412593102540107
7,4.5,2,6,MJJ,27.19050233333333,0.30355463488057344
8,4.5,2,6,MJJ,27.241006333333335,0.24680396737574722
9,4.5,2,6,MJJ,27.296128333333336,0.17889002045574734
10,4.5,2,6,MJJ,27.218444666666667,0.13070880455678113
11,4.5,2,6,MJJ,27.236815333333332,0.254108079894713
12,4.5,2,6,MJJ,27.289103333333333,0.22532004391954044
13,4.5,2,6,MJJ,27.150271,0.2672973091541379
14,4.5,2,6,MJJ,27.28587633333333,0.2393932904860919
15,4.5,2,6,MJJ,27.25005966666667,0.20561527786540157
1,4.5,3,7,JJA,26.797346666666666,0.43203269740919786
2,4.5,3,7,JJA,26.737825666666666,0.27423257531505685
3,4.5,3,7,JJA,26.778886,0.26960869055586134
4,4.5,3,7,JJA,26.751268999999997,0.35692655494034314
5,4.5,3,7,JJA,26.759288,0.325046387382069
6,4.5,3,7,JJA,26.663267333333334,0.3309093461443677
7,4.5,3,7,JJA,26.595609333333336,0.44289144778574824
8,4.5,3,7,JJA,26.854445333333334,0.4425631777291967
9,4.5,3,7,JJA,26.834775666666665,0.323251045784022
10,4.5,3,7,JJA,26.770869,0.4084303264989652
11,4.5,3,7,JJA,26.821242666666667,0.45060417774436784
12,4.5,3,7,JJA,26.785067666666666,0.4187147866047102
13,4.5,3,7,JJA,26.724066999999998,0.3833931611941393
14,4.5,3,7,JJA,26.767334666666667,0.3503392175636791
15,4.5,3,7,JJA,26.744611666666668,0.3218861621454015
1,4.5,4,8,JAS,26.388651333333332,0.45442596519816075
2,4.5,4,8,JAS,26.307133,0.5043620485665531
3,4.5,4,8,JAS,26.355083999999998,0.531247062693793
4,4.5,4,8,JAS,26.339707999999998,0.47356053924413954
5,4.5,4,8,JAS,26.466096333333333,0.42447285547919417
6,4.5,4,8,JAS,26.431101666666667,0.37241411077988534
7,4.5,4,8,JAS,26.378034333333336,0.3372009411702296
8,4.5,4,8,JAS,26.368139666666664,0.4972714344929874
9,4.5,4,8,JAS,26.414330666666668,0.4308550227719535
10,4.5,4,8,JAS,26.407402,0.47643780876827646
11,4.5,4,8,JAS,26.39345666666667,0.4215690796988514
12,4.5,4,8,JAS,26.321544666666668,0.48757884052229855
13,4.5,4,8,JAS,26.389178,0.46311837658896304
14,4.5,4,8,JAS,26.381616333333334,0.34898501530678155
15,4.5,4,8,JAS,26.315653333333334,0.5731821949057467
1,4.5,5,9,ASO,26.231700999999997,0.5866119464299994
2,4.5,5,9,ASO,26.236504,0.5755419418937929
3,4.5,5,9,ASO,26.25403,0.781930844820689
4,4.5,5,9,ASO,26.29151166666667,0.5716671342902311
5,4.5,5,9,ASO,26.266090000000002,0.616090044144829
6,4.5,5,9,ASO,26.273957,0.6623625072700013
7,4.5,5,9,ASO,26.315783,0.6577349714217244
8,4.5,5,9,ASO,26.274739,0.5647764560437921
9,4.5,5,9,ASO,26.22871233333333,0.6149049501081602
10,4.5,5,9,ASO,26.34899,0.8967336974344842
11,4.5,5,9,ASO,26.245229666666667,0.6584358034654019
12,4.5,5,9,ASO,26.353485666666664,0.7792195469426456
13,4.5,5,9,ASO,26.286684666666666,0.6006956530257478
14,4.5,5,9,ASO,26.240056666666664,0.6504174590229878
15,4.5,5,9,ASO,26.332827333333334,0.7421253833443682
1,4.5,6,10,SON,26.23546233333333,0.8776322695357476
2,4.5,6,10,SON,26.25281633333333,0.8897141983067809
3,4.5,6,10,SON,26.240799,0.9728558760437933
4,4.5,6,10,SON,26.322705666666668,0.8151851651702292
5,4.5,6,10,SON,26.193745999999997,1.0773552407351719
6,4.5,6,10,SON,26.171119333333333,0.7880125711719543
7,4.5,6,10,SON,26.252470000000002,0.7161925556068973
8,4.5,6,10,SON,26.250697,1.01690698129069
9,4.5,6,10,SON,26.26824966666667,0.790539004755058
10,4.5,6,10,SON,26.16065366666667,0.9416943296102311
11,4.5,6,10,SON,26.102023,0.8514931575872409
12,4.5,6,10,SON,26.297822666666665,0.9781804324891954
13,4.5,6,10,SON,26.267773666666663,0.9022160580171255
14,4.5,6,10,SON,26.149968,0.8642565639751731
15,4.5,6,10,SON,26.346664999999998,0.8547664073431052
1,4.5,7,11,OND,26.218228333333332,0.900321901290231
2,4.5,7,11,OND,26.210895999999998,1.0159909301834493
3,4.5,7,11,OND,26.474981666666668,1.148496330055747
4,4.5,7,11,OND,26.365756333333334,1.2377536039343675
5,4.5,7,11,OND,26.316286333333334,1.0427591648033327
6,4.5,7,11,OND,26.318433000000002,1.2173335505872411
7,4.5,7,11,OND,26.304019333333333,1.007981800765057
8,4.5,7,11,OND,26.309463666666666,1.1478667716654034
9,4.5,7,11,OND,26.244890666666667,1.2362955953167833
10,4.5,7,11,OND,26.261146333333333,1.2734378391688521
11,4.5,7,11,OND,26.23900133333333,1.13319502850161
12,4.5,7,11,OND,26.26756333333333,1.1063060063678165
13,4.5,7,11,OND,26.27900833333333,1.289519599807472
14,4.5,7,11,OND,26.235048666666668,1.0307310330533328
15,4.5,7,11,OND,26.306269999999998,1.2278577185034483
1,4.5,8,12,NDJ,26.229984666666667,1.1292112476188503
2,4.5,8,12,NDJ,26.330769333333333,1.0168604823788499
3,4.5,8,12,NDJ,26.336336333333335,1.2426307650516126
4,4.5,8,12,NDJ,26.31334133333333,1.3232967423085058
5,4.5,8,12,NDJ,26.325016551724136,1.3343757792305435
6,4.5,8,12,NDJ,26.253985666666665,1.2461121281495415
7,4.5,8,12,NDJ,26.251838666666668,1.1831616216326442
8,4.5,8,12,NDJ,26.323432,1.3393434004579303
9,4.5,8,12,NDJ,26.19097,1.2060379224206872
10,4.5,8,12,NDJ,26.217430333333333,1.2322533669895408
11,4.5,8,12,NDJ,26.383664666666668,1.3485906711981628
12,4.5,8,12,NDJ,26.379106333333333,1.213606048520575
13,4.5,8,12,NDJ,26.280995333333333,1.4001394129912632
14,4.5,8,12,NDJ,26.183855666666666,1.1499808601012653
15,4.5,8,12,NDJ,26.277169,1.447029392940344
1,4.5,9,1,DJF,26.317231,0.912425426133448
2,4.5,9,1,DJF,26.33199366666667,0.8692493213274709
3,4.5,9,1,DJF,26.375698666666665,0.9936163663843679
4,4.5,9,1,DJF,26.316848,0.9820337554165524
5,4.5,9,1,DJF,26.300275,0.9478887347155175
6,4.5,9,1,DJF,26.229001666666665,1.1000298179867813
7,4.5,9,1,DJF,26.304291666666664,1.0872951683178154
8,4.5,9,1,DJF,26.313049999999997,0.9274048272137932
9,4.5,9,1,DJF,26.30791233333333,1.178765882315056
10,4.5,9,1,DJF,26.150215333333335,0.9455591634671262
11,4.5,9,1,DJF,26.277201333333334,1.0489016417085046
12,4.5,9,1,DJF,26.37749,0.967583679531033
13,4.5,9,1,DJF,26.314778333333333,0.9791595720626443
14,4.5,9,1,DJF,26.310820999999997,1.1485407469817237
15,4.5,9,1,DJF,26.306954333333334,1.1354539167771256
1,4.5,10,2,JFM,26.452481666666664,0.8353468760488505
2,4.5,10,2,JFM,26.534413333333337,0.6461741980367809
3,4.5,10,2,JFM,26.45568033333333,0.8130144580378158
4,4.5,10,2,JFM,26.474811666666664,0.7083351155936779
5,4.5,10,2,JFM,26.447674333333335,0.7021269223702304
6,4.5,10,2,JFM,26.494392333333334,0.7163373348185049
7,4.5,10,2,JFM,26.457130666666668,0.6257921654685058
8,4.5,10,2,JFM,26.493068666666666,0.784704455522298
9,4.5,10,2,JFM,26.478000666666667,0.7320179740202298
10,4.5,10,2,JFM,26.495455,0.8333593931499985
11,4.5,10,2,JFM,26.44639833333333,0.6972224444626438
12,4.5,10,2,JFM,26.560043333333333,0.7342403231471264
13,4.5,10,2,JFM,26.58139633333333,0.7791593934722995
14,4.5,10,2,JFM,26.500040666666667,0.799786091640919
15,4.5,10,2,JFM,26.47073333333333,0.6472320786988515
1,4.5,11,3,FMA,26.909108333333332,0.6897680053936782
2,4.5,11,3,FMA,26.926703666666665,0.6725804324585065
3,4.5,11,3,FMA,27.056140000000003,0.4281695522413797
4,4.5,11,3,FMA,26.967543,0.4930275640493108
5,4.5,11,3,FMA,26.981953333333333,0.3985467047816091
6,4.5,11,3,FMA,27.02043366666667,0.5626651980654027
7,4.5,11,3,FMA,27.011066666666668,0.5135875499057471
8,4.5,11,3,FMA,26.956125333333333,0.41884052650850606
9,4.5,11,3,FMA,26.955503,0.47939519519413826
10,4.5,11,3,FMA,26.904587,0.6800155840010345
11,4.5,11,3,FMA,26.926244666666665,0.5004620642878166
12,4.5,11,3,FMA,26.914615,0.5668073207844817
13,4.5,11,3,FMA,27.009725,0.6792179798258627
14,4.5,11,3,FMA,26.991157666666666,0.5097158607012651
15,4.5,11,3,FMA,26.974963333333335,0.4849099021402304
1,4.5,12,4,MAM,27.463059666666666,0.3363634106033324
2,4.5,12,4,MAM,27.425068666666668,0.38920658354298954
3,4.5,12,4,MAM,27.529459999999997,0.38886814986206814
4,4.5,12,4,MAM,27.400910666666668,0.3433369181995403
5,4.5,12,4,MAM,27.40846433333333,0.3254034282185056
6,4.5,12,4,MAM,27.358700666666667,0.4836702279857473
7,4.5,12,4,MAM,27.427454,0.32662465812138025
8,4.5,12,4,MAM,27.423301666666664,0.2696101518212641
9,4.5,12,4,MAM,27.427242999999997,0.27484129153206827
10,4.5,12,4,MAM,27.46478,0.28231858913793095
11,4.5,12,4,MAM,27.422555,0.2643375779706899
12,4.5,12,4,MAM,27.472991666666665,0.2884740587385052
13,4.5,12,4,MAM,27.452811666666666,0.3379417318626443
14,4.5,12,4,MAM,27.404731,0.3745807004851722
15,4.5,12,4,MAM,27.40605833333333,0.29691865550402247
1,5.5,1,6,MJJ,27.235136,0.24651653912138044
2,5.5,1,6,MJJ,27.222292,0.2170396141337932
3,5.5,1,6,MJJ,27.230880666666668,0.2212313543857471
4,5.5,1,6,MJJ,27.227498333333333,0.3561709384419534
5,5.5,1,6,MJJ,27.242310333333332,0.20441059894126393
6,5.5,1,6,MJJ,27.17686033333333,0.2940668923895405
7,5.5,1,6,MJJ,27.309567666666666,0.34943810693574745
8,5.5,1,6,MJJ,27.12199466666667,0.2466563145912658
9,5.5,1,6,MJJ,27.200312,0.3148685257337948
10,5.5,1,6,MJJ,27.254728,0.2127100233131035
11,5.5,1,6,MJJ,27.206173666666665,0.22356809158264307
12,5.5,1,6,MJJ,27.178422333333334,0.2196749029357476
13,5.5,1,6,MJJ,27.24674666666667,0.20986444032643584
14,5.5,1,6,MJJ,27.301886333333336,0.2350705146447124
15,5.5,1,6,MJJ,27.187707666666665,0.2221602462116085
1,5.5,2,7,JJA,26.677401666666665,0.5260004306074726
2,5.5,2,7,JJA,26.595264666666665,0.26636707499816054
3,5.5,2,7,JJA,26.653103333333334,0.3503880143471269
4,5.5,2,7,JJA,26.654453666666665,0.32748569154816015
5,5.5,2,7,JJA,26.71632,0.45900923089655216
6,5.5,2,7,JJA,26.672119333333335,0.3546817054340242
7,5.5,2,7,JJA,26.622437333333334,0.4692087321926434
8,5.5,2,7,JJA,26.665170333333332,0.43799314814815965
9,5.5,2,7,JJA,26.761506333333333,0.2716893368791963
10,5.5,2,7,JJA,26.648874666666664,0.22230378221195382
11,5.5,2,7,JJA,26.668511000000002,0.38978043185068934
12,5.5,2,7,JJA,26.730368,0.3935680388648263
13,5.5,2,7,JJA,26.567093,0.3986497189320685
14,5.5,2,7,JJA,26.746647333333332,0.41643876888919473
15,5.5,2,7,JJA,26.680377,0.3586589519251716
1,5.5,3,8,JAS,26.351513666666666,0.5652040130102314
2,5.5,3,8,JAS,26.296432,0.3509903314303479
3,5.5,3,8,JAS,26.324221666666666,0.30610027537298784
4,5.5,3,8,JAS,26.277212000000002,0.4490570264303458
5,5.5,3,8,JAS,26.288919333333336,0.40009560217195433
6,5.5,3,8,JAS,26.210035333333334,0.37737605501195404
7,5.5,3,8,JAS,26.095644666666665,0.5390146267912649
8,5.5,3,8,JAS,26.430283666666664,0.5757461691964373
9,5.5,3,8,JAS,26.416089333333332,0.4081944212960919
10,5.5,3,8,JAS,26.309241,0.536864140347242
11,5.5,3,8,JAS,26.344005,0.5879869319293091
12,5.5,3,8,JAS,26.340607,0.5631245552217246
13,5.5,3,8,JAS,26.246765999999997,0.4506033840731039
14,5.5,3,8,JAS,26.305417666666667,0.42678968232195447
15,5.5,3,8,JAS,26.299702333333336,0.3940707042460904
1,5.5,4,9,ASO,26.223702333333332,0.5404372348116099
2,5.5,4,9,ASO,26.157555,0.6475759667155173
3,5.5,4,9,ASO,26.196011333333335,0.652778034411951
4,5.5,4,9,ASO,26.156564333333332,0.5605804811495392
5,5.5,4,9,ASO,26.301406333333333,0.5571401265688503
6,5.5,4,9,ASO,26.275306,0.45353105079724004
7,5.5,4,9,ASO,26.198470333333333,0.41371540144471103
8,5.5,4,9,ASO,26.189120333333335,0.5732124686860925
9,5.5,4,9,ASO,26.269249666666667,0.46439858845160936
10,5.5,4,9,ASO,26.22415833333333,0.6023938564557473
11,5.5,4,9,ASO,26.228692666666667,0.5094597959512644
12,5.5,4,9,ASO,26.115146666666664,0.5447077139402297
13,5.5,4,9,ASO,26.221558666666667,0.5146170508188513
14,5.5,4,9,ASO,26.213083666666666,0.3964217989205743
15,5.5,4,9,ASO,26.16233833333333,0.7713954169867809
1,5.5,5,10,SON,26.188304000000002,0.7231096610731031
2,5.5,5,10,SON,26.260424333333333,0.7345461442805761
3,5.5,5,10,SON,26.258067666666665,0.9598430761633332
4,5.5,5,10,SON,26.302418666666664,0.8137407581843673
5,5.5,5,10,SON,26.252136,0.8089117578731039
6,5.5,5,10,SON,26.254471000000002,0.8337271828713798
7,5.5,5,10,SON,26.341501333333333,0.8273400075429875
8,5.5,5,10,SON,26.283650666666666,0.7315003091512648
9,5.5,5,10,SON,26.216685666666667,0.7385652958323006
10,5.5,5,10,SON,26.36240666666667,1.1268586360574708
11,5.5,5,10,SON,26.233423000000002,0.9052747949803449
12,5.5,5,10,SON,26.365335666666667,0.9993168237909198
13,5.5,5,10,SON,26.25668466666667,0.7686409655636787
14,5.5,5,10,SON,26.23295166666667,0.8845514199040231
15,5.5,5,10,SON,26.323,0.946694197075862
1,5.5,6,11,OND,26.177820333333333,1.154701370141264
2,5.5,6,11,OND,26.240107666666667,1.104269456032299
3,5.5,6,11,OND,26.185096333333334,1.2390764240309193
4,5.5,6,11,OND,26.266478,1.0157835004441382
5,5.5,6,11,OND,26.126244,1.3279949141765524
6,5.5,6,11,OND,26.128419,1.0270649041955167
7,5.5,6,11,OND,26.223191333333332,0.9481322492671264
8,5.5,6,11,OND,26.221927333333333,1.2875610174685053
9,5.5,6,11,OND,26.242978333333333,0.9930015818971268
10,5.5,6,11,OND,26.088138333333333,1.2434149138281607
11,5.5,6,11,OND,26.058019333333334,1.059446030130575
12,5.5,6,11,OND,26.247071,1.3392780849748265
13,5.5,6,11,OND,26.221426666666666,1.2027734604850568
14,5.5,6,11,OND,26.075290666666668,1.0982715454340235
15,5.5,6,11,OND,26.303262,1.1029466921200002
1,5.5,7,12,NDJ,26.057257333333332,1.0641448977236798
2,5.5,7,12,NDJ,26.092850333333335,1.1507609455412642
3,5.5,7,12,NDJ,26.37431366666667,1.314505761686091
4,5.5,7,12,NDJ,26.254941666666664,1.4731107294350556
5,5.5,7,12,NDJ,26.200967666666667,1.2289370842322989
6,5.5,7,12,NDJ,26.17866666666667,1.4126511370988502
7,5.5,7,12,NDJ,26.14528,1.2120262905241386
8,5.5,7,12,NDJ,26.168675333333333,1.3094783726188501
9,5.5,7,12,NDJ,26.10090166666667,1.4284055415385046
10,5.5,7,12,NDJ,26.125243666666666,1.4986073733205763
11,5.5,7,12,NDJ,26.101383,1.2784861883803442
12,5.5,7,12,NDJ,26.106599,1.229026260305861
13,5.5,7,12,NDJ,26.136205333333336,1.4290173706533338
14,5.5,7,12,NDJ,26.076361333333335,1.139735742894714
15,5.5,7,12,NDJ,26.17904766666667,1.422116921846093
1,5.5,8,1,DJF,26.127905,1.0496830794120704
2,5.5,8,1,DJF,26.26645166666667,0.9836272014971272
3,5.5,8,1,DJF,26.237213333333333,1.2210555935540228
4,5.5,8,1,DJF,26.242555333333332,1.2746490498326457
5,5.5,8,1,DJF,26.265735862068965,1.2224666133822673
6,5.5,8,1,DJF,26.182111666666668,1.1954752542833347
7,5.5,8,1,DJF,26.177257666666666,1.148446971894366
8,5.5,8,1,DJF,26.220999666666668,1.2056214372791938
9,5.5,8,1,DJF,26.075111333333332,1.1197823282464388
10,5.5,8,1,DJF,26.156076,1.1293516566800008
11,5.5,8,1,DJF,26.279774,1.2884223054317265
12,5.5,8,1,DJF,26.297131,1.0830865396506895
13,5.5,8,1,DJF,26.174465333333334,1.2608738787843663
14,5.5,8,1,DJF,26.101293666666667,1.0658437358516109
15,5.5,8,1,DJF,26.186929666666668,1.3672558187964374
1,5.5,9,2,JFM,26.464937666666668,0.6859341762943676
2,5.5,9,2,JFM,26.485147333333334,0.6662212131857473
3,5.5,9,2,JFM,26.497688,0.76077596260276
4,5.5,9,2,JFM,26.490586666666665,0.7262620634160936
5,5.5,9,2,JFM,26.436126333333334,0.7709905719412629
6,5.5,9,2,JFM,26.34448666666667,0.8770124105126442
7,5.5,9,2,JFM,26.438923,0.8722289063872416
8,5.5,9,2,JFM,26.444326333333333,0.7559114238102312
9,5.5,9,2,JFM,26.445090999999998,0.8439507364024124
10,5.5,9,2,JFM,26.273773666666667,0.7969070312240231
11,5.5,9,2,JFM,26.43391,0.879689131648274
12,5.5,9,2,JFM,26.521627000000002,0.7048446872355175
13,5.5,9,2,JFM,26.47988966666667,0.8267795170309217
14,5.5,9,2,JFM,26.449760333333334,0.9311847455619543
15,5.5,9,2,JFM,26.43276033333333,0.8560555279412653
1,5.5,10,3,FMA,26.873617666666668,0.6309435806667814
2,5.5,10,3,FMA,26.966207333333333,0.4873230535719546
3,5.5,10,3,FMA,26.869934666666666,0.607228900108506
4,5.5,10,3,FMA,26.918236,0.49395765776276024
5,5.5,10,3,FMA,26.832773333333332,0.5140519671195398
6,5.5,10,3,FMA,26.914928333333332,0.5381751875454024
7,5.5,10,3,FMA,26.848413,0.44423325236655087
8,5.5,10,3,FMA,26.943957,0.6057121078355191
9,5.5,10,3,FMA,26.902476,0.5017959454800006
10,5.5,10,3,FMA,26.924367,0.6300606759665515
11,5.5,10,3,FMA,26.863244666666667,0.5385480801498855
12,5.5,10,3,FMA,27.009580333333336,0.47781763088609364
13,5.5,10,3,FMA,27.001762333333332,0.6352288292460928
14,5.5,10,3,FMA,26.913172333333332,0.5706671918598863
15,5.5,10,3,FMA,26.915936666666667,0.4405251241885062
1,5.5,11,4,MAM,27.296172000000002,0.5732825744165517
2,5.5,11,4,MAM,27.34036133333333,0.5455354646602297
3,5.5,11,4,MAM,27.446600666666665,0.36948838527540084
4,5.5,11,4,MAM,27.37715066666667,0.4159119167029897
5,5.5,11,4,MAM,27.384915333333332,0.3205861082740217
6,5.5,11,4,MAM,27.486231333333333,0.4480142293636792
7,5.5,11,4,MAM,27.419242999999998,0.40021953913206904
8,5.5,11,4,MAM,27.348405333333336,0.31330247841195424
9,5.5,11,4,MAM,27.365152333333334,0.37459936337712696
10,5.5,11,4,MAM,27.296606333333333,0.5924631650654021
11,5.5,11,4,MAM,27.337734333333334,0.3725599378322974
12,5.5,11,4,MAM,27.29035633333333,0.4446501112171257
13,5.5,11,4,MAM,27.394806000000003,0.575683938328276
14,5.5,11,4,MAM,27.36316533333333,0.40245943701195425
15,5.5,11,4,MAM,27.371245333333334,0.3478641100326438
1,5.5,12,5,AMJ,27.515015333333334,0.3319681072119548
2,5.5,12,5,AMJ,27.502932666666666,0.31697162696505754
3,5.5,12,5,AMJ,27.594526,0.3124784891420688
4,5.5,12,5,AMJ,27.462935,0.32029360800517365
5,5.5,12,5,AMJ,27.49141033333333,0.2743965782378166
6,5.5,12,5,AMJ,27.465322,0.349439458947587
7,5.5,12,5,AMJ,27.522938333333332,0.26899956571092043
8,5.5,12,5,AMJ,27.479669333333334,0.22281734618574678
9,5.5,12,5,AMJ,27.499838,0.24218843999586276
10,5.5,12,5,AMJ,27.5183,0.23170453635862132
11,5.5,12,5,AMJ,27.468304666666665,0.20401916748091795
12,5.5,12,5,AMJ,27.533352666666666,0.19010202241333343
13,5.5,12,5,AMJ,27.509158666666668,0.24126492127402324
14,5.5,12,5,AMJ,27.509040666666667,0.3188814798409195
15,5.5,12,5,AMJ,27.497907333333334,0.26689267928229843
1,6.5,1,7,JJA,26.681440333333335,0.3169419123550573
2,6.5,1,7,JJA,26.663523333333334,0.29717050320919547
3,6.5,1,7,JJA,26.651499666666666,0.28423984814816056
4,6.5,1,7,JJA,26.649979666666663,0.46113269223091996
5,6.5,1,7,JJA,26.698189,0.27851550600241304
6,6.5,1,7,JJA,26.635667666666667,0.35366500119091815
7,6.5,1,7,JJA,26.791113333333332,0.42301782534022936
8,6.5,1,7,JJA,26.555039,0.38928713669896625
9,6.5,1,7,JJA,26.644895666666667,0.34243463212195285
10,6.5,1,7,JJA,26.728916333333334,0.3329980634033316
11,6.5,1,7,JJA,26.667023333333336,0.3233158187816082
12,6.5,1,7,JJA,26.629875666666667,0.259825387377126
13,6.5,1,7,JJA,26.699329666666667,0.2800593644860913
14,6.5,1,7,JJA,26.797621,0.3272020132782742
15,6.5,1,7,JJA,26.665661,0.2973232525955173
1,6.5,2,8,JAS,26.244298,0.6854026003889641
2,6.5,2,8,JAS,26.142841666666666,0.31417246360057394
3,6.5,2,8,JAS,26.196825666666665,0.45452844379781726
4,6.5,2,8,JAS,26.207672666666667,0.40739207921333287
5,6.5,2,8,JAS,26.29475933333333,0.5262087442202301
6,6.5,2,8,JAS,26.234039,0.41579918771275953
7,6.5,2,8,JAS,26.162788,0.5663302231131032
8,6.5,2,8,JAS,26.229232000000003,0.6080054495820683
9,6.5,2,8,JAS,26.32496666666667,0.3452931597471276
10,6.5,2,8,JAS,26.198046666666666,0.2926528142643677
11,6.5,2,8,JAS,26.260814666666665,0.4576113884947135
12,6.5,2,8,JAS,26.290467,0.5192467992148281
13,6.5,2,8,JAS,26.128861333333337,0.48315125587402413
14,6.5,2,8,JAS,26.306355,0.5339164425431032
15,6.5,2,8,JAS,26.233322333333334,0.5161930010047115
1,6.5,3,9,ASO,26.193398333333334,0.6723304006212633
2,6.5,3,9,ASO,26.12138333333333,0.43444576378161043
3,6.5,3,9,ASO,26.143446333333333,0.31839467338264354
4,6.5,3,9,ASO,26.089831,0.4754898108368975
5,6.5,3,9,ASO,26.097862000000003,0.47267309859586176
6,6.5,3,9,ASO,26.034662,0.39052834761655186
7,6.5,3,9,ASO,25.886547,0.5365122863458629
8,6.5,3,9,ASO,26.286004,0.6878683333972423
9,6.5,3,9,ASO,26.261833333333335,0.48093273574712714
10,6.5,3,9,ASO,26.136740999999997,0.632107101981724
11,6.5,3,9,ASO,26.157793666666667,0.6445360191688497
12,6.5,3,9,ASO,26.223904666666666,0.6633290793705755
13,6.5,3,9,ASO,26.044189000000003,0.49065696939551773
14,6.5,3,9,ASO,26.129674333333334,0.4675753302047107
15,6.5,3,9,ASO,26.125045333333333,0.4390109358395387
1,6.5,4,10,SON,26.21915166666667,0.743241719386782
2,6.5,4,10,SON,26.178242666666666,0.895873272454712
3,6.5,4,10,SON,26.205520999999997,0.8602018928989652
4,6.5,4,10,SON,26.178009333333332,0.6751020798616088
5,6.5,4,10,SON,26.31920866666667,0.7427896636395416
6,6.5,4,10,SON,26.308492,0.6213713417131032
7,6.5,4,10,SON,26.201973000000002,0.557878218028621
8,6.5,4,10,SON,26.197032,0.6728084438648273
9,6.5,4,10,SON,26.298071,0.600589355636897
10,6.5,4,10,SON,26.187183333333333,0.794406840967817
11,6.5,4,10,SON,26.254443,0.6703049028768961
12,6.5,4,10,SON,26.101085333333334,0.6768390762602315
13,6.5,4,10,SON,26.217345333333334,0.6495187019085066
14,6.5,4,10,SON,26.22695333333333,0.5450657945540232
15,6.5,4,10,SON,26.229988,1.0097638991406894
1,6.5,5,11,OND,26.12219533333333,0.9140542928533341
2,6.5,5,11,OND,26.257683666666665,0.9637088106860904
3,6.5,5,11,OND,26.245009,1.183517129988621
4,6.5,5,11,OND,26.297548333333335,1.0785187685591953
5,6.5,5,11,OND,26.213045333333334,1.0521706930326442
6,6.5,5,11,OND,26.231407666666666,1.0713983816667807
7,6.5,5,11,OND,26.344486,1.0938759654386188
8,6.5,5,11,OND,26.258283666666667,0.9435708193895391
9,6.5,5,11,OND,26.170604333333333,0.9241154681357479
10,6.5,5,11,OND,26.36037533333333,1.4178068030257491
11,6.5,5,11,OND,26.225289999999998,1.2231397988275863
12,6.5,5,11,OND,26.36101,1.2653936435379316
13,6.5,5,11,OND,26.190896666666667,1.0366538257885058
14,6.5,5,11,OND,26.220503666666666,1.2148360438585064
15,6.5,5,11,OND,26.282789666666666,1.198849452851609
1,6.5,6,12,NDJ,26.044942,1.338535638954483
2,6.5,6,12,NDJ,26.112049666666667,1.225113344148161
3,6.5,6,12,NDJ,26.056379,1.4365165955403438
4,6.5,6,12,NDJ,26.14464333333333,1.1387493086367821
5,6.5,6,12,NDJ,25.98633733333333,1.4209540030340242
6,6.5,6,12,NDJ,26.012810666666667,1.1595643656960921
7,6.5,6,12,NDJ,26.106064666666665,1.077875020784368
8,6.5,6,12,NDJ,26.098018000000003,1.4823645284441376
9,6.5,6,12,NDJ,26.126899666666667,1.1365524762447146
10,6.5,6,12,NDJ,25.93502833333333,1.4167292903385065
11,6.5,6,12,NDJ,25.947529666666664,1.2065390602447108
12,6.5,6,12,NDJ,26.110659,1.5270914839679322
13,6.5,6,12,NDJ,26.103962666666668,1.3782680567098846
14,6.5,6,12,NDJ,25.939933666666665,1.1956237021826455
15,6.5,6,12,NDJ,26.202445666666666,1.2621634540943683
1,6.5,7,1,DJF,25.978062333333334,1.0431856065840241
2,6.5,7,1,DJF,26.05661866666667,1.0805328833085053
3,6.5,7,1,DJF,26.30715466666667,1.2450580902257466
4,6.5,7,1,DJF,26.189728,1.452811021306204
5,6.5,7,1,DJF,26.144104333333335,1.2443026679150575
6,6.5,7,1,DJF,26.12183866666667,1.306469834377471
7,6.5,7,1,DJF,26.05901,1.2099041963724133
8,6.5,7,1,DJF,26.088076333333333,1.2171246594929885
9,6.5,7,1,DJF,26.023983666666666,1.3386243962171251
10,6.5,7,1,DJF,26.070464,1.4082114343489638
11,6.5,7,1,DJF,26.013225666666663,1.1985175201495406
12,6.5,7,1,DJF,26.018127333333332,1.1927958884478167
13,6.5,7,1,DJF,26.042186,1.2421441025834474
14,6.5,7,1,DJF,26.00336533333333,1.0935619674602302
15,6.5,7,1,DJF,26.098425000000002,1.353017350625862
1,6.5,8,2,JFM,26.281491333333335,0.8493941602533335
2,6.5,8,2,JFM,26.438317333333334,0.8211861768685057
3,6.5,8,2,JFM,26.38122033333333,1.0401477253481615
4,6.5,8,2,JFM,26.399785666666666,1.0032650386874726
5,6.5,8,2,JFM,26.44377344827586,0.971151986980542
6,6.5,8,2,JFM,26.34610766666667,1.0021711847426444
7,6.5,8,2,JFM,26.337480000000003,0.9761038347172437
8,6.5,8,2,JFM,26.36902566666667,0.9787350100943668
9,6.5,8,2,JFM,26.24259933333333,0.8550688456133319
10,6.5,8,2,JFM,26.338100333333333,0.8639331506378165
11,6.5,8,2,JFM,26.425573,1.0970578214079274
12,6.5,8,2,JFM,26.463569,0.7903816910989667
13,6.5,8,2,JFM,26.329581,0.8997153689472426
14,6.5,8,2,JFM,26.278004333333335,0.8278434558529888
15,6.5,8,2,JFM,26.349717666666667,1.076548523846093
1,6.5,9,3,FMA,26.9058,0.47373962000689523
2,6.5,9,3,FMA,26.911880333333333,0.49978763172747026
3,6.5,9,3,FMA,26.875408666666665,0.5506118551774702
4,6.5,9,3,FMA,26.932706333333332,0.5124555896722987
5,6.5,9,3,FMA,26.834946,0.6100235343903425
6,6.5,9,3,FMA,26.75159,0.7061924881310329
7,6.5,9,3,FMA,26.840784666666664,0.651094361267123
8,6.5,9,3,FMA,26.866301,0.5780504501058626
9,6.5,9,3,FMA,26.880485,0.5339648129775861
10,6.5,9,3,FMA,26.707254666666664,0.6448033342326445
11,6.5,9,3,FMA,26.894963333333333,0.677598799926437
12,6.5,9,3,FMA,26.942290333333336,0.46356474694816113
13,6.5,9,3,FMA,26.92844566666667,0.6537000833012641
14,6.5,9,3,FMA,26.869356333333332,0.6950065238378164
15,6.5,9,3,FMA,26.86742466666667,0.5812925464533321
1,6.5,10,4,MAM,27.280247,0.47724420829758685
2,6.5,10,4,MAM,27.379923666666667,0.4142885766722984
3,6.5,10,4,MAM,27.313688000000003,0.4604489783889651
4,6.5,10,4,MAM,27.345428333333334,0.390973737048851
5,6.5,10,4,MAM,27.224153333333334,0.40258258707816164
6,6.5,10,4,MAM,27.303442,0.40337140485103384
7,6.5,10,4,MAM,27.232354333333333,0.3359498720116103
8,6.5,10,4,MAM,27.35099166666667,0.4955631406557479
9,6.5,10,4,MAM,27.328231000000002,0.3676775346299992
10,6.5,10,4,MAM,27.34238733333333,0.47005947662022846
11,6.5,10,4,MAM,27.281749666666666,0.4328742367895404
12,6.5,10,4,MAM,27.39861266666667,0.36133878594436847
13,6.5,10,4,MAM,27.375221,0.5563049194506912
14,6.5,10,4,MAM,27.322065000000002,0.4314395069293099
15,6.5,10,4,MAM,27.333318666666667,0.3176879277912629
1,6.5,11,5,AMJ,27.423233333333332,0.4212240704298843
2,6.5,11,5,AMJ,27.470225333333335,0.43829826252229737
3,6.5,11,5,AMJ,27.524533,0.37055084411137884
4,6.5,11,5,AMJ,27.47952766666667,0.4142415677495412
5,6.5,11,5,AMJ,27.510304666666666,0.3029622655705727
6,6.5,11,5,AMJ,27.648040666666667,0.373366523634023
7,6.5,11,5,AMJ,27.537178666666666,0.3369027708602293
8,6.5,11,5,AMJ,27.457659,0.2823368400575862
9,6.5,11,5,AMJ,27.477808999999997,0.3159215338851724
10,6.5,11,5,AMJ,27.41857,0.5257336480413791
11,6.5,11,5,AMJ,27.441262666666667,0.29382815000643664
12,6.5,11,5,AMJ,27.380181999999998,0.34405640018896466
13,6.5,11,5,AMJ,27.474262,0.43006950242344905
14,6.5,11,5,AMJ,27.459991333333335,0.3129512860947128
15,6.5,11,5,AMJ,27.451263,0.2595777646148284
1,6.5,12,6,MJJ,27.142966666666666,0.36729937019540193
2,6.5,12,6,MJJ,27.153164333333333,0.32195358957712866
3,6.5,12,6,MJJ,27.206443666666665,0.3345012479067813
4,6.5,12,6,MJJ,27.097814000000003,0.37125810674896514
5,6.5,12,6,MJJ,27.139858,0.2834867860303449
6,6.5,12,6,MJJ,27.121196333333334,0.2797844715550578
7,6.5,12,6,MJJ,27.188198,0.313703006071724
8,6.5,12,6,MJJ,27.117663999999998,0.2804701918593103
9,6.5,12,6,MJJ,27.153081999999998,0.28300426638896586
10,6.5,12,6,MJJ,27.112596,0.2554421263213791
11,6.5,12,6,MJJ,27.07544,0.22253410506896695
12,6.5,12,6,MJJ,27.14623,0.20576080066206864
13,6.5,12,6,MJJ,27.12243833333333,0.272888047793678
14,6.5,12,6,MJJ,27.170815,0.33355410621896636
15,6.5,12,6,MJJ,27.144905666666666,0.28361541071505825
1,7.5,1,8,JAS,26.242820666666667,0.3974219726202298
2,7.5,1,8,JAS,26.235103,0.3841825803182752
3,7.5,1,8,JAS,26.177457333333333,0.3267861452822992
4,7.5,1,8,JAS,26.19867833333333,0.5650935841591956
5,7.5,1,8,JAS,26.276603666666666,0.33918897149988403
6,7.5,1,8,JAS,26.228381000000002,0.36631926527827646
7,7.5,1,8,JAS,26.356332666666667,0.5102587021719527
8,7.5,1,8,JAS,26.111755333333335,0.5218660688395389
9,7.5,1,8,JAS,26.206116333333334,0.37311701795505486
10,7.5,1,8,JAS,26.299895333333332,0.4465383154602301
11,7.5,1,8,JAS,26.248709666666667,0.3943087573688514
12,7.5,1,8,JAS,26.188109333333333,0.2854988764133334
13,7.5,1,8,JAS,26.260926333333334,0.349464153237818
14,7.5,1,8,JAS,26.399032666666667,0.42417053835126456
15,7.5,1,8,JAS,26.258696,0.3927489173213789
1,7.5,2,9,ASO,26.052126333333334,0.8114552686309189
2,7.5,2,9,ASO,25.967913333333335,0.33823432214022986
3,7.5,2,9,ASO,26.021129666666663,0.5421614478240244
4,7.5,2,9,ASO,26.051786666666665,0.4647296087747126
5,7.5,2,9,ASO,26.138520333333336,0.55356955918954
6,7.5,2,9,ASO,26.084787666666667,0.4377987302943702
7,7.5,2,9,ASO,25.969323666666664,0.6116988512654029
8,7.5,2,9,ASO,26.082213000000003,0.7452533712355167
9,7.5,2,9,ASO,26.135755,0.41755001265344904
10,7.5,2,9,ASO,26.006841666666666,0.3511302781591955
11,7.5,2,9,ASO,26.144206,0.4928595160868969
12,7.5,2,9,ASO,26.106896666666668,0.6129254826781616
13,7.5,2,9,ASO,25.962658666666666,0.5699937420395396
14,7.5,2,9,ASO,26.121883333333336,0.6355899972643669
15,7.5,2,9,ASO,26.054181000000003,0.6792977672989662
1,7.5,3,10,SON,26.225438999999998,0.8725859849403446
2,7.5,3,10,SON,26.11730633333333,0.6021824954654019
3,7.5,3,10,SON,26.148572333333334,0.40722273832885175
4,7.5,3,10,SON,26.090612,0.5764217531337935
5,7.5,3,10,SON,26.107865,0.6085481591431033
6,7.5,3,10,SON,26.046514333333334,0.4595631657771259
7,7.5,3,10,SON,25.871160666666665,0.5916108942064372
8,7.5,3,10,SON,26.32266333333333,0.8710944067264367
9,7.5,3,10,SON,26.270521666666664,0.6137240764902289
10,7.5,3,10,SON,26.152188333333335,0.8099054615522989
11,7.5,3,10,SON,26.16972666666667,0.7423250529954015
12,7.5,3,10,SON,26.284276666666663,0.815039055595403
13,7.5,3,10,SON,26.043611333333335,0.6341958470395397
14,7.5,3,10,SON,26.143454333333334,0.5534420874460915
15,7.5,3,10,SON,26.120426333333334,0.543382995024023
1,7.5,4,11,OND,26.164382999999997,1.0078090133389666
2,7.5,4,11,OND,26.135554666666668,1.2204835043222995
3,7.5,4,11,OND,26.19217666666667,1.1005722814919554
4,7.5,4,11,OND,26.173181666666668,0.8370221636902293
5,7.5,4,11,OND,26.313291,1.0103697550782753
6,7.5,4,11,OND,26.300628333333336,0.8671248726626442
7,7.5,4,11,OND,26.17834633333333,0.7438857426516072
8,7.5,4,11,OND,26.177112333333334,0.8657298864322986
9,7.5,4,11,OND,26.294475666666663,0.8114602144874715
10,7.5,4,11,OND,26.115911,1.036186493036896
11,7.5,4,11,OND,26.241446,0.9082136007144804
12,7.5,4,11,OND,26.07953033333333,0.8633438348033335
13,7.5,4,11,OND,26.180880666666667,0.8331744128616101
14,7.5,4,11,OND,26.204947,0.7571870816424137
15,7.5,4,11,OND,26.239990666666667,1.2902797658133338
1,7.5,5,12,NDJ,25.995168,1.0140128096165517
2,7.5,5,12,NDJ,26.166472,1.153352541320001
3,7.5,5,12,NDJ,26.173821333333333,1.3160256883429877
4,7.5,5,12,NDJ,26.201345,1.2537360481775868
5,7.5,5,12,NDJ,26.070887000000003,1.2535679670493083
6,7.5,5,12,NDJ,26.114913333333334,1.303237155298852
7,7.5,5,12,NDJ,26.247467333333336,1.3422759824754016
8,7.5,5,12,NDJ,26.160748,1.0858032725062063
9,7.5,5,12,NDJ,26.043412,1.0518345857958638
10,7.5,5,12,NDJ,26.250459333333332,1.629908471530573
11,7.5,5,12,NDJ,26.108072666666665,1.4606781629650578
12,7.5,5,12,NDJ,26.257396333333336,1.4411525817274717
13,7.5,5,12,NDJ,26.048682,1.3020424335751732
14,7.5,5,12,NDJ,26.124570333333335,1.471508986079196
15,7.5,5,12,NDJ,26.160397666666665,1.3609453280047137
1,7.5,6,1,DJF,25.968564,1.2818357332868948
2,7.5,6,1,DJF,26.045491333333334,1.078944000942988
3,7.5,6,1,DJF,25.998089,1.4154024266644825
4,7.5,6,1,DJF,26.089148666666667,1.0395094832119545
5,7.5,6,1,DJF,25.916514666666668,1.2392872732878153
6,7.5,6,1,DJF,25.976259333333335,1.0593066610409192
7,7.5,6,1,DJF,26.04727,0.9830404098344844
8,7.5,6,1,DJF,26.013948000000003,1.4147978092648275
9,7.5,6,1,DJF,26.060958666666668,1.0952451538326458
10,7.5,6,1,DJF,25.861881,1.3483604404299996
11,7.5,6,1,DJF,25.938208999999997,1.1576626465748283
12,7.5,6,1,DJF,26.053471666666667,1.4074173158350574
13,7.5,6,1,DJF,26.040180666666668,1.2521338118478156
14,7.5,6,1,DJF,25.906523333333332,1.0785110930781618
15,7.5,6,1,DJF,26.14442366666667,1.2078213946998861
1,7.5,7,2,JFM,26.16807633333333,0.8396455455205744
2,7.5,7,2,JFM,26.302052,0.8415750363199994
3,7.5,7,2,JFM,26.448165666666668,0.9849715425012654
4,7.5,7,2,JFM,26.379455,1.194392566129309
5,7.5,7,2,JFM,26.335792666666666,1.0736735534891948
6,7.5,7,2,JFM,26.301281666666668,1.0092656313660917
7,7.5,7,2,JFM,26.252509666666665,1.010148639141264
8,7.5,7,2,JFM,26.27591633333333,0.908898519596437
9,7.5,7,2,JFM,26.222152333333334,1.0303165498943678
10,7.5,7,2,JFM,26.269828,1.1419558203337932
11,7.5,7,2,JFM,26.210636,0.8982189630248276
12,7.5,7,2,JFM,26.232530666666666,1.0144817936891954
13,7.5,7,2,JFM,26.180667333333336,0.9092316949650565
14,7.5,7,2,JFM,26.20582,0.8939239089586205
15,7.5,7,2,JFM,26.267306333333334,1.0107117558998848
1,7.5,8,3,FMA,26.724572333333334,0.6291041740047126
2,7.5,8,3,FMA,26.875821,0.6110404607196551
3,7.5,8,3,FMA,26.810678333333332,0.7590167960419542
4,7.5,8,3,FMA,26.838989,0.7027679441541382
5,7.5,8,3,FMA,26.90297310344828,0.6503735758864534
6,7.5,8,3,FMA,26.802303666666667,0.7417577175412639
7,7.5,8,3,FMA,26.779539333333332,0.7663192460133337
8,7.5,8,3,FMA,26.79268666666667,0.7970126605885066
9,7.5,8,3,FMA,26.725112000000003,0.5853740710234492
10,7.5,8,3,FMA,26.772389666666665,0.6086502171688516
11,7.5,8,3,FMA,26.862795333333334,0.8286530004188489
12,7.5,8,3,FMA,26.913548333333335,0.5130742808005734
13,7.5,8,3,FMA,26.765049666666666,0.5876388821136798
14,7.5,8,3,FMA,26.729035333333336,0.5533002347429887
15,7.5,8,3,FMA,26.795882666666667,0.7918059771374687
1,7.5,9,4,MAM,27.332132333333334,0.36723961565988456
2,7.5,9,4,MAM,27.307237666666666,0.4007813149012652
3,7.5,9,4,MAM,27.254404,0.4137791616731047
4,7.5,9,4,MAM,27.36199033333333,0.3928962112654031
5,7.5,9,4,MAM,27.219348,0.4917353479268979
6,7.5,9,4,MAM,27.165851,0.5723097084162068
7,7.5,9,4,MAM,27.262505666666666,0.5277569695288468
8,7.5,9,4,MAM,27.289427333333332,0.45001562854436716
9,7.5,9,4,MAM,27.30641466666667,0.36447359223954073
10,7.5,9,4,MAM,27.143781333333333,0.4843468165705765
11,7.5,9,4,MAM,27.339043333333333,0.5173550384643683
12,7.5,9,4,MAM,27.337342666666665,0.31371554746850594
13,7.5,9,4,MAM,27.369766000000002,0.5287923504593103
14,7.5,9,4,MAM,27.292233,0.5343647135113808
15,7.5,9,4,MAM,27.28552566666667,0.44056937805298885
1,7.5,10,5,AMJ,27.375580666666668,0.36596483396505775
2,7.5,10,5,AMJ,27.504723333333335,0.4077437922160906
3,7.5,10,5,AMJ,27.471217000000003,0.407148476642414
4,7.5,10,5,AMJ,27.454285333333335,0.38608509356367904
5,7.5,10,5,AMJ,27.375569,0.3225640071817233
6,7.5,10,5,AMJ,27.415753,0.33948039262172347
7,7.5,10,5,AMJ,27.30613933333333,0.28475473942023
8,7.5,10,5,AMJ,27.455571333333335,0.49847370789471424
9,7.5,10,5,AMJ,27.437382666666668,0.295327993785748
10,7.5,10,5,AMJ,27.479885666666668,0.3624322210185065
11,7.5,10,5,AMJ,27.413169666666665,0.3844550002998869
12,7.5,10,5,AMJ,27.475048333333334,0.30839993077298833
13,7.5,10,5,AMJ,27.446138,0.4672491540096541
14,7.5,10,5,AMJ,27.443054,0.3639200409006914
15,7.5,10,5,AMJ,27.456194666666665,0.27352230490161006
1,7.5,11,6,MJJ,27.118510333333333,0.33245703561022977
2,7.5,11,6,MJJ,27.141759,0.3742988591127573
3,7.5,11,6,MJJ,27.141933333333334,0.3988943497264346
4,7.5,11,6,MJJ,27.14265333333333,0.5233379775609177
5,7.5,11,6,MJJ,27.189454333333334,0.3524555621288508
6,7.5,11,6,MJJ,27.319937333333332,0.3162529529512654
7,7.5,11,6,MJJ,27.206678333333333,0.32822363498678153
8,7.5,11,6,MJJ,27.115321666666667,0.28029630456609206
9,7.5,11,6,MJJ,27.148706,0.3460239648110348
10,7.5,11,6,MJJ,27.122794666666667,0.49944611263264393
11,7.5,11,6,MJJ,27.071610333333336,0.3140813073205753
12,7.5,11,6,MJJ,27.021549666666665,0.29759517514815964
13,7.5,11,6,MJJ,27.133886,0.3264827035282776
14,7.5,11,6,MJJ,27.110246,0.26925226965241444
15,7.5,11,6,MJJ,27.114068999999997,0.23604781076103454
1,7.5,12,7,JJA,26.594575333333335,0.39859376960505755
2,7.5,12,7,JJA,26.608435333333333,0.42567850768091814
3,7.5,12,7,JJA,26.647632333333334,0.4342374231012642
4,7.5,12,7,JJA,26.557375999999998,0.4369887389213777
5,7.5,12,7,JJA,26.615976666666665,0.35116874300919504
6,7.5,12,7,JJA,26.573732666666668,0.2908986241443683
7,7.5,12,7,JJA,26.654154000000002,0.39865934831448174
8,7.5,12,7,JJA,26.586443,0.35214986783551694
9,7.5,12,7,JJA,26.589957666666667,0.36104307599781665
10,7.5,12,7,JJA,26.510694,0.3144864594386223
11,7.5,12,7,JJA,26.499323,0.2688050739113808
12,7.5,12,7,JJA,26.550135666666666,0.30002477448747106
13,7.5,12,7,JJA,26.561476666666668,0.4204548762643664
14,7.5,12,7,JJA,26.59943333333333,0.36434969573333365
15,7.5,12,7,JJA,26.586470000000002,0.3188406032551725
1,8.5,1,9,ASO,26.065018000000002,0.46819748125103383
2,8.5,1,9,ASO,26.067314333333336,0.47298149737022943
3,8.5,1,9,ASO,25.96797666666667,0.4184558430505748
4,8.5,1,9,ASO,26.02995566666667,0.6864224205633334
5,8.5,1,9,ASO,26.12828066666667,0.4213835059788512
6,8.5,1,9,ASO,26.072320666666666,0.379074028413334
7,8.5,1,9,ASO,26.168220666666667,0.6213257834822987
8,8.5,1,9,ASO,25.942879,0.6265096516713793
9,8.5,1,9,ASO,26.03761366666667,0.4289051882171286
10,8.5,1,9,ASO,26.131913666666666,0.5984477562171255
11,8.5,1,9,ASO,26.078497666666667,0.46994694068747134
12,8.5,1,9,ASO,26.01361466666667,0.3298110336395407
13,8.5,1,9,ASO,26.07512266666667,0.44449320364781575
14,8.5,1,9,ASO,26.242121333333333,0.5497728081498839
15,8.5,1,9,ASO,26.12209933333333,0.5272346601167822
1,8.5,2,10,SON,26.016271,1.011805656554138
2,8.5,2,10,SON,25.958457666666668,0.4104037790116088
3,8.5,2,10,SON,26.03251433333333,0.6694442647012651
4,8.5,2,10,SON,26.073165333333336,0.5937650452947144
5,8.5,2,10,SON,26.176982000000002,0.6832142321613794
6,8.5,2,10,SON,26.133448666666666,0.5268873858119552
7,8.5,2,10,SON,25.952834,0.7437070445489645
8,8.5,2,10,SON,26.11753033333333,0.9713420692722982
9,8.5,2,10,SON,26.137669000000002,0.5696324646024148
10,8.5,2,10,SON,25.972038333333334,0.460218252862644
11,8.5,2,10,SON,26.191792666666668,0.5814918303788515
12,8.5,2,10,SON,26.104632666666664,0.7456403290616084
13,8.5,2,10,SON,25.964576333333333,0.7324486368722987
14,8.5,2,10,SON,26.099405333333333,0.8272469058947126
15,8.5,2,10,SON,26.043346333333332,0.8994104685826441
1,8.5,3,11,OND,26.24017233333333,1.1234123935219544
2,8.5,3,11,OND,26.080629,0.8234390219334461
3,8.5,3,11,OND,26.131564333333333,0.5437546521771277
4,8.5,3,11,OND,26.051609,0.7670043010782756
5,8.5,3,11,OND,26.089782333333336,0.8270785069564378
6,8.5,3,11,OND,26.025282666666666,0.5713713492960932
7,8.5,3,11,OND,25.83072233333333,0.7195289297426435
8,8.5,3,11,OND,26.318724999999997,1.1508142852120684
9,8.5,3,11,OND,26.240027666666666,0.763881329356436
10,8.5,3,11,OND,26.139964666666668,1.0454001288878145
11,8.5,3,11,OND,26.157281,0.9394571087472413
12,8.5,3,11,OND,26.283554,1.0649904918317232
13,8.5,3,11,OND,26.009187666666666,0.8984519488667809
14,8.5,3,11,OND,26.13050133333333,0.678779870791266
15,8.5,3,11,OND,26.079672666666667,0.6939147031650598
1,8.5,4,12,NDJ,26.032974333333335,1.2106704490598854
2,8.5,4,12,NDJ,26.006619999999998,1.4416174738896543
3,8.5,4,12,NDJ,26.09089733333333,1.2185120911305731
4,8.5,4,12,NDJ,26.100284,0.9470726344662073
5,8.5,4,12,NDJ,26.212815666666664,1.1853147962254031
6,8.5,4,12,NDJ,26.192819666666665,1.0907997495343682
7,8.5,4,12,NDJ,26.073363333333337,0.937506249533335
8,8.5,4,12,NDJ,26.071962,1.0403620820786208
9,8.5,4,12,NDJ,26.218007666666665,0.9901558828529898
10,8.5,4,12,NDJ,25.98648466666667,1.1462749899912643
11,8.5,4,12,NDJ,26.124704333333334,1.1126481223633338
12,8.5,4,12,NDJ,25.989130666666664,0.9944524630616102
13,8.5,4,12,NDJ,26.074138333333334,0.9877061445040206
14,8.5,4,12,NDJ,26.087235333333336,0.9155602684188505
15,8.5,4,12,NDJ,26.154150333333334,1.4287964739205743
1,8.5,5,1,DJF,25.95349033333333,0.9507489979343687
2,8.5,5,1,DJF,26.129406666666668,1.1071596863954014
3,8.5,5,1,DJF,26.141422,1.2452882421406912
4,8.5,5,1,DJF,26.151211,1.174231991367931
5,8.5,5,1,DJF,25.971098666666666,1.2744239624188503
6,8.5,5,1,DJF,26.022079,1.3057096330437938
7,8.5,5,1,DJF,26.186629999999997,1.3183425633655157
8,8.5,5,1,DJF,26.12171066666667,0.9720494045581602
9,8.5,5,1,DJF,25.983443,1.0035154785458615
10,8.5,5,1,DJF,26.17440733333333,1.6049434374478149
11,8.5,5,1,DJF,26.025175666666666,1.4168783406322984
12,8.5,5,1,DJF,26.21331233333333,1.3730765119288508
13,8.5,5,1,DJF,25.990788000000002,1.319235333706206
14,8.5,5,1,DJF,26.043901333333334,1.418271979749885
15,8.5,5,1,DJF,26.084298999999998,1.3344415281334483
1,8.5,6,2,JFM,26.151671,1.067764997719656
2,8.5,6,2,JFM,26.216702333333334,0.7744217923426436
3,8.5,6,2,JFM,26.198508,1.1608889220234497
4,8.5,6,2,JFM,26.281316,0.8434724971144842
5,8.5,6,2,JFM,26.13477333333333,0.8835392961471267
6,8.5,6,2,JFM,26.18961266666667,0.8162098253374718
7,8.5,6,2,JFM,26.237835333333333,0.7871405342878174
8,8.5,6,2,JFM,26.178146,1.150771547569654
9,8.5,6,2,JFM,26.281430666666665,0.912406907537471
10,8.5,6,2,JFM,26.079634,1.1065448074248274
11,8.5,6,2,JFM,26.200074333333337,0.9915641333633308
12,8.5,6,2,JFM,26.24008866666667,1.0665226399154037
13,8.5,6,2,JFM,26.24521233333333,0.9443859011012655
14,8.5,6,2,JFM,26.136275,0.8257341289913794
15,8.5,6,2,JFM,26.329324333333332,0.9878385260460919
1,8.5,7,3,FMA,26.663291666666666,0.5850685138281627
2,8.5,7,3,FMA,26.79337333333333,0.5960605027402299
3,8.5,7,3,FMA,26.860221000000003,0.6886636007748279
4,8.5,7,3,FMA,26.843893666666666,0.9102343327136798
5,8.5,7,3,FMA,26.811438,0.8818690869131057
6,8.5,7,3,FMA,26.724309333333334,0.7039646381512652
7,8.5,7,3,FMA,26.710292666666664,0.7518482377581613
8,8.5,7,3,FMA,26.756974666666668,0.612537049618851
9,8.5,7,3,FMA,26.695316,0.7337407176524127
10,8.5,7,3,FMA,26.712123000000002,0.9038246300906894
11,8.5,7,3,FMA,26.682070333333336,0.5890777627136778
12,8.5,7,3,FMA,26.72907233333333,0.80715507892885
13,8.5,7,3,FMA,26.623781666666666,0.5982770032764378
14,8.5,7,3,FMA,26.697852333333334,0.70819498329437
15,8.5,7,3,FMA,26.736212000000002,0.67195716216138
1,8.5,8,4,MAM,27.154870333333335,0.5085210207205751
2,8.5,8,4,MAM,27.306267,0.4705068706424157
3,8.5,8,4,MAM,27.22105133333333,0.5732620817843681
4,8.5,8,4,MAM,27.269977333333333,0.5133692965443671
5,8.5,8,4,MAM,27.37232275862069,0.42008888068497413
6,8.5,8,4,MAM,27.289855666666664,0.5466589115495395
7,8.5,8,4,MAM,27.212540333333333,0.6421911892171267
8,8.5,8,4,MAM,27.214819,0.7069293276575859
9,8.5,8,4,MAM,27.197986333333333,0.40850250196885
10,8.5,8,4,MAM,27.203528333333335,0.4111699737247129
11,8.5,8,4,MAM,27.306980333333332,0.6339991042998838
12,8.5,8,4,MAM,27.351193666666667,0.3674736134171261
13,8.5,8,4,MAM,27.17683,0.4225457712965522
14,8.5,8,4,MAM,27.164997666666668,0.38660280514954026
15,8.5,8,4,MAM,27.223230333333333,0.6075683975136795
1,8.5,9,5,AMJ,27.444519666666668,0.3394366893205749
2,8.5,9,5,AMJ,27.402853,0.37297852642862117
3,8.5,9,5,AMJ,27.360571,0.3337406445610355
4,8.5,9,5,AMJ,27.462479666666663,0.3283892640171271
5,8.5,9,5,AMJ,27.324959666666665,0.40225010816885104
6,8.5,9,5,AMJ,27.271285,0.4913960201637911
7,8.5,9,5,AMJ,27.427112333333334,0.4715779952667802
8,8.5,9,5,AMJ,27.417449666666666,0.3520945316102304
9,8.5,9,5,AMJ,27.429468333333332,0.26737250578678073
10,8.5,9,5,AMJ,27.29497,0.3575487232620681
11,8.5,9,5,AMJ,27.449829333333334,0.38087736188919563
12,8.5,9,5,AMJ,27.436399333333334,0.22112535918574683
13,8.5,9,5,AMJ,27.523260666666665,0.44988656521333337
14,8.5,9,5,AMJ,27.415413333333333,0.4248683482781617
15,8.5,9,5,AMJ,27.401607333333335,0.3857945913305768
1,8.5,10,6,MJJ,27.022302333333336,0.2877977403012641
2,8.5,10,6,MJJ,27.195055,0.4092473428465512
3,8.5,10,6,MJJ,27.151140333333334,0.42059210361712646
4,8.5,10,6,MJJ,27.133564333333332,0.5112740561840232
5,8.5,10,6,MJJ,27.102617000000002,0.315341453463103
6,8.5,10,6,MJJ,27.102859333333335,0.37425748805471304
7,8.5,10,6,MJJ,26.921542,0.31444212949931044
8,8.5,10,6,MJJ,27.10819366666667,0.6126250277619532
9,8.5,10,6,MJJ,27.099569666666664,0.2699347792860909
10,8.5,10,6,MJJ,27.179036,0.3635678863213797
11,8.5,10,6,MJJ,27.11641266666667,0.38105997481333165
12,8.5,10,6,MJJ,27.085888666666666,0.24269426869471233
13,8.5,10,6,MJJ,27.097812666666666,0.45461166459954017
14,8.5,10,6,MJJ,27.133084999999998,0.38650532247413727
15,8.5,10,6,MJJ,27.122861666666665,0.2542156861591953
1,8.5,11,7,JJA,26.592969,0.33742898416103434
2,8.5,11,7,JJA,26.615624333333336,0.36383337845298713
3,8.5,11,7,JJA,26.555989333333333,0.44922443328919487
4,8.5,11,7,JJA,26.612148666666666,0.656951540563677
5,8.5,11,7,JJA,26.633881,0.4667001145127596
6,8.5,11,7,JJA,26.724131333333332,0.2632732732464368
7,8.5,11,7,JJA,26.667253000000002,0.35706822707689756
8,8.5,11,7,JJA,26.537239666666668,0.3314878331895397
9,8.5,11,7,JJA,26.589765,0.4207985681982761
10,8.5,11,7,JJA,26.631635666666668,0.5207451181081614
11,8.5,11,7,JJA,26.501562999999997,0.3712255092355184
12,8.5,11,7,JJA,26.444514333333334,0.30236606709436653
13,8.5,11,7,JJA,26.602872333333334,0.3501638353633324
14,8.5,11,7,JJA,26.569324666666667,0.27950629835678065
15,8.5,11,7,JJA,26.612750333333334,0.2844110207619548
1,8.5,12,8,JAS,26.146498,0.42760539832000233
2,8.5,12,8,JAS,26.171074666666666,0.5384789229636799
3,8.5,12,8,JAS,26.213536666666666,0.4849030768436795
4,8.5,12,8,JAS,26.131050333333334,0.47916621119643876
5,8.5,12,8,JAS,26.186934,0.4247286588179321
6,8.5,12,8,JAS,26.130391666666664,0.3130535081454031
7,8.5,12,8,JAS,26.233662666666667,0.45609208313057503
8,8.5,12,8,JAS,26.160655000000002,0.39018273604655174
9,8.5,12,8,JAS,26.132840666666667,0.3768692934960924
10,8.5,12,8,JAS,26.014006,0.3473515786662069
11,8.5,12,8,JAS,26.063693,0.3066219381251708
12,8.5,12,8,JAS,26.081571,0.3934506986851723
13,8.5,12,8,JAS,26.120755,0.5796195842189654
14,8.5,12,8,JAS,26.112823666666667,0.4175634750171273
15,8.5,12,8,JAS,26.135468333333332,0.3399800068902307
1,9.5,1,10,SON,26.067615999999997,0.5707403384110342
2,9.5,1,10,SON,26.058035,0.6350126771362071
3,9.5,1,10,SON,25.962419,0.5947106493334481
4,9.5,1,10,SON,26.057045333333335,0.8534588807360909
5,9.5,1,10,SON,26.142565666666666,0.5731391683150571
6,9.5,1,10,SON,26.10521,0.47837607837930823
7,9.5,1,10,SON,26.168491333333336,0.8272868203291941
8,9.5,1,10,SON,25.95439,0.7642327897103429
9,9.5,1,10,SON,26.065176333333334,0.5268685130240232
10,9.5,1,10,SON,26.144979999999997,0.8495542898344821
11,9.5,1,10,SON,26.07243933333333,0.596040963206436
12,9.5,1,10,SON,25.99850233333333,0.4379852746667802
13,9.5,1,10,SON,26.053202,0.5929229450234481
14,9.5,1,10,SON,26.259566666666668,0.7189662854229878
15,9.5,1,10,SON,26.153371333333332,0.7363448263498844
1,9.5,2,11,OND,25.972565999999997,1.2252531390662074
2,9.5,2,11,OND,25.909139999999997,0.5583266354413795
3,9.5,2,11,OND,26.014289,0.8665928054506884
4,9.5,2,11,OND,26.052096333333335,0.7872604225826454
5,9.5,2,11,OND,26.206075333333334,0.9157365043981615
6,9.5,2,11,OND,26.12947,0.7012711979586207
7,9.5,2,11,OND,25.918896333333336,0.9565133350929872
8,9.5,2,11,OND,26.122601333333332,1.2357089888119552
9,9.5,2,11,OND,26.111794333333332,0.7867776657150575
10,9.5,2,11,OND,25.925338333333332,0.6437885371936763
11,9.5,2,11,OND,26.17031366666667,0.7860212555481605
12,9.5,2,11,OND,26.079013,0.9758139259665513
13,9.5,2,11,OND,25.929686333333333,0.9709829507757456
14,9.5,2,11,OND,26.051871,1.1001379669679288
15,9.5,2,11,OND,25.997777,1.1281693326217244
1,9.5,3,12,NDJ,26.182761000000003,1.3047305280506891
2,9.5,3,12,NDJ,25.970726333333335,0.99686902333437
3,9.5,3,12,NDJ,26.009912999999997,0.7372994738562068
4,9.5,3,12,NDJ,25.949528666666666,0.9365965202671257
5,9.5,3,12,NDJ,25.995288666666667,0.9953554694464369
6,9.5,3,12,NDJ,25.91649633333333,0.6731344760791962
7,9.5,3,12,NDJ,25.70948333333333,0.873081266547126
8,9.5,3,12,NDJ,26.228560666666667,1.3375291940754033
9,9.5,3,12,NDJ,26.116578666666665,0.8345409309085068
10,9.5,3,12,NDJ,26.035794666666668,1.2292228233016094
11,9.5,3,12,NDJ,26.061039333333333,1.132374104247816
12,9.5,3,12,NDJ,26.190382,1.2565302360786217
13,9.5,3,12,NDJ,25.901025,1.1108674824534477
14,9.5,3,12,NDJ,26.041398666666666,0.7681042134464378
15,9.5,3,12,NDJ,25.976685666666665,0.820928304528852
1,9.5,4,1,DJF,25.983430666666667,1.1678349227443672
2,9.5,4,1,DJF,25.948625333333332,1.4567626741636788
3,9.5,4,1,DJF,26.048916666666667,1.0682600971471259
4,9.5,4,1,DJF,26.067052666666665,0.8728682541581617
5,9.5,4,1,DJF,26.146932333333332,1.1832420815633353
6,9.5,4,1,DJF,26.121237666666666,1.0582849245426436
7,9.5,4,1,DJF,26.013235666666667,0.9982032504254025
8,9.5,4,1,DJF,26.036853666666666,1.0488872717757467
9,9.5,4,1,DJF,26.190131333333333,0.97553837549471
10,9.5,4,1,DJF,25.942482666666667,0.9975961524960922
11,9.5,4,1,DJF,26.068587666666666,1.1063898496185074
12,9.5,4,1,DJF,25.965185,0.9724615332672426
13,9.5,4,1,DJF,26.013127333333333,0.9971221531926446
14,9.5,4,1,DJF,26.034401,0.9053854527886199
15,9.5,4,1,DJF,26.09624,1.319676228193105
1,9.5,5,2,JFM,26.188848666666665,0.7758020179291953
2,9.5,5,2,JFM,26.345060666666665,0.9221720790409208
3,9.5,5,2,JFM,26.344847666666666,0.9979051098185051
4,9.5,5,2,JFM,26.342131,0.9175368982093101
5,9.5,5,2,JFM,26.132954666666667,1.1429944297085064
6,9.5,5,2,JFM,26.180442333333335,1.0492464157357497
7,9.5,5,2,JFM,26.372207,1.1223795991527603
8,9.5,5,2,JFM,26.324998666666666,0.756568774074022
9,9.5,5,2,JFM,26.174252666666668,0.8572354335236767
10,9.5,5,2,JFM,26.338621666666665,1.3313110447936776
11,9.5,5,2,JFM,26.189722,1.1197417050510343
12,9.5,5,2,JFM,26.413405,1.0730110550672418
13,9.5,5,2,JFM,26.20615666666667,1.072280133691956
14,9.5,5,2,JFM,26.23176266666667,1.11128239622023
15,9.5,5,2,JFM,26.287980333333334,1.138279642175747
1,9.5,6,3,FMA,26.63759,0.7981884714000023
2,9.5,6,3,FMA,26.682853,0.5106209960217246
3,9.5,6,3,FMA,26.685569333333333,0.860545653813335
4,9.5,6,3,FMA,26.724387666666665,0.6869282518529878
5,9.5,6,3,FMA,26.639925,0.6084788040258609
6,9.5,6,3,FMA,26.674322333333333,0.6355185666047114
7,9.5,6,3,FMA,26.732943,0.5957353057251707
8,9.5,6,3,FMA,26.632556333333333,0.8938234972929874
9,9.5,6,3,FMA,26.781482333333333,0.756670222721956
10,9.5,6,3,FMA,26.584184333333333,0.892530236977127
11,9.5,6,3,FMA,26.715281,0.7993679519127603
12,9.5,6,3,FMA,26.682028,0.769800187609657
13,9.5,6,3,FMA,26.720946666666666,0.6978545181885045
14,9.5,6,3,FMA,26.654906333333333,0.5819279775757468
15,9.5,6,3,FMA,26.785741666666663,0.7402365201454002
1,9.5,7,4,MAM,27.133297000000002,0.39913916547000194
2,9.5,7,4,MAM,27.253191666666666,0.45101232009023084
3,9.5,7,4,MAM,27.252393333333334,0.5038912150367822
4,9.5,7,4,MAM,27.265022,0.7540937761889658
5,9.5,7,4,MAM,27.283925333333332,0.7337726309429854
6,9.5,7,4,MAM,27.135181,0.5639531266093101
7,9.5,7,4,MAM,27.151693333333334,0.6240744704919524
8,9.5,7,4,MAM,27.212966666666667,0.4452464725126428
9,9.5,7,4,MAM,27.161702666666667,0.5322729378133352
10,9.5,7,4,MAM,27.134282,0.7599804424993113
11,9.5,7,4,MAM,27.153207000000002,0.4013558368975846
12,9.5,7,4,MAM,27.197151,0.6621713041955174
13,9.5,7,4,MAM,27.093041000000003,0.4546037071955176
14,9.5,7,4,MAM,27.164441333333333,0.5705106755429876
15,9.5,7,4,MAM,27.217281333333336,0.450910400384367
1,9.5,8,5,AMJ,27.300234666666665,0.43712608347402254
2,9.5,8,5,AMJ,27.452740333333335,0.4199392996791971
3,9.5,8,5,AMJ,27.322478333333333,0.479665435869543
4,9.5,8,5,AMJ,27.420048,0.4274866237062064
5,9.5,8,5,AMJ,27.555447241379312,0.3018872070706894
6,9.5,8,5,AMJ,27.480562666666668,0.40434850745471485
7,9.5,8,5,AMJ,27.360963,0.4984791141941368
8,9.5,8,5,AMJ,27.317397333333336,0.653066945951263
9,9.5,8,5,AMJ,27.348918,0.2920704731475858
10,9.5,8,5,AMJ,27.308274,0.28985372313517127
11,9.5,8,5,AMJ,27.453311666666664,0.5312966599385057
12,9.5,8,5,AMJ,27.490555333333337,0.3091955532464375
13,9.5,8,5,AMJ,27.25187933333333,0.3488271875236789
14,9.5,8,5,AMJ,27.309858000000002,0.3287795925889655
15,9.5,8,5,AMJ,27.347542333333333,0.4894954959219527
1,9.5,9,6,MJJ,27.113764333333332,0.4122924829426423
2,9.5,9,6,MJJ,27.066752666666666,0.36482681735816114
3,9.5,9,6,MJJ,27.027137333333332,0.3471414419167828
4,9.5,9,6,MJJ,27.123136666666667,0.3323985075402298
5,9.5,9,6,MJJ,27.018322333333334,0.42614169130816143
6,9.5,9,6,MJJ,26.954472333333335,0.44959649918402306
7,9.5,9,6,MJJ,27.160629333333336,0.4965438123788484
8,9.5,9,6,MJJ,27.115381333333335,0.34634080245333565
9,9.5,9,6,MJJ,27.10996833333333,0.23147099343505784
10,9.5,9,6,MJJ,27.010359,0.2969927910231045
11,9.5,9,6,MJJ,27.082691333333333,0.2953125014050563
12,9.5,9,6,MJJ,27.086263,0.1986945803320689
13,9.5,9,6,MJJ,27.222930666666667,0.44271777964781467
14,9.5,9,6,MJJ,27.073263999999998,0.41621880071448214
15,9.5,9,6,MJJ,27.066148333333334,0.37473878454540377
1,9.5,10,7,JJA,26.468622333333332,0.3094510303771271
2,9.5,10,7,JJA,26.67229166666667,0.4290465041522994
3,9.5,10,7,JJA,26.571647666666664,0.4806066619426451
4,9.5,10,7,JJA,26.594640666666667,0.6296639686547113
5,9.5,10,7,JJA,26.604132666666665,0.40703506817885154
6,9.5,10,7,JJA,26.580801333333334,0.4721649234119541
7,9.5,10,7,JJA,26.315138666666666,0.353672033005057
8,9.5,10,7,JJA,26.571268999999997,0.7061201718920684
9,9.5,10,7,JJA,26.529738666666667,0.30893643603264287
10,9.5,10,7,JJA,26.680831,0.4232155700713799
11,9.5,10,7,JJA,26.634828666666667,0.38565343791540185
12,9.5,10,7,JJA,26.51392666666667,0.2369486303471279
13,9.5,10,7,JJA,26.549808,0.4827763252303445
14,9.5,10,7,JJA,26.607971000000003,0.4258983124368967
15,9.5,10,7,JJA,26.592214666666667,0.24292408777747196
1,9.5,11,8,JAS,26.162164,0.4035643547903456
2,9.5,11,8,JAS,26.165525666666667,0.3837409321909187
3,9.5,11,8,JAS,26.080964333333334,0.4841756179426426
4,9.5,11,8,JAS,26.179184666666668,0.7828379934533325
5,9.5,11,8,JAS,26.163424333333335,0.571979134763334
6,9.5,11,8,JAS,26.240623333333335,0.2451493084643681
7,9.5,11,8,JAS,26.224081,0.38192643834724127
8,9.5,11,8,JAS,26.057270333333335,0.39167652137574693
9,9.5,11,8,JAS,26.126747333333334,0.5320897425857464
10,9.5,11,8,JAS,26.24061,0.5753755071655179
11,9.5,11,8,JAS,26.042058,0.39474468026482806
12,9.5,11,8,JAS,25.95569833333333,0.3309353065591962
13,9.5,11,8,JAS,26.153018999999997,0.3986045092231026
14,9.5,11,8,JAS,26.11951766666667,0.3099558314185071
15,9.5,11,8,JAS,26.222930333333334,0.33271427603781495
1,9.5,12,9,ASO,25.961829666666667,0.469844984982643
2,9.5,12,9,ASO,25.986784666666665,0.6247231755843646
3,9.5,12,9,ASO,26.048286666666666,0.5255826619402277
4,9.5,12,9,ASO,25.96483733333333,0.5660279712754024
5,9.5,12,9,ASO,26.014160999999998,0.49771991940241356
6,9.5,12,9,ASO,25.932343333333332,0.3446161536574716
7,9.5,12,9,ASO,26.05092,0.4939257928344827
8,9.5,12,9,ASO,25.987666,0.4726300291213793
9,9.5,12,9,ASO,25.927094333333333,0.3878749841012636
10,9.5,12,9,ASO,25.790697333333334,0.3567192374271261
11,9.5,12,9,ASO,25.882654333333335,0.35970446435643616
12,9.5,12,9,ASO,25.871686333333333,0.5132556471619539
13,9.5,12,9,ASO,25.941313666666666,0.7420292101619534
14,9.5,12,9,ASO,25.89226066666667,0.4958883986547143
15,9.5,12,9,ASO,25.941842666666666,0.3728590810547118
1,10.5,1,11,OND,26.05265466666667,0.732776814880919
2,10.5,1,11,OND,26.009468000000002,0.8423701685682768
3,10.5,1,11,OND,25.931767999999998,0.7647953340510345
4,10.5,1,11,OND,26.061420333333334,1.0892124481619523
5,10.5,1,11,OND,26.119736,0.7454438171696547
6,10.5,1,11,OND,26.103321,0.640462280561033
7,10.5,1,11,OND,26.156710666666665,1.0872825275098863
8,10.5,1,11,OND,25.942342666666665,0.9347840568133333
9,10.5,1,11,OND,26.065997666666664,0.6670219755495407
10,10.5,1,11,OND,26.120752999999997,1.171725951856205
11,10.5,1,11,OND,26.016475,0.7509307571913798
12,10.5,1,11,OND,25.958046333333336,0.5934665524998843
13,10.5,1,11,OND,26.00976766666667,0.7722987363978161
14,10.5,1,11,OND,26.24562566666667,0.9634964617978167
15,10.5,1,11,OND,26.134803666666667,0.9847516260447118
1,10.5,2,12,NDJ,25.866941666666666,1.4062589337522966
2,10.5,2,12,NDJ,25.795498000000002,0.6776169681751715
3,10.5,2,12,NDJ,25.927535,1.0079343983155185
4,10.5,2,12,NDJ,25.968154666666667,0.9388767756602306
5,10.5,2,12,NDJ,26.153442,1.0867979480372405
6,10.5,2,12,NDJ,26.01563133333333,0.8909417788671257
7,10.5,2,12,NDJ,25.83411166666667,1.122934688441955
8,10.5,2,12,NDJ,26.021974333333333,1.427554101011608
9,10.5,2,12,NDJ,26.037022333333333,0.9433032571288504
10,10.5,2,12,NDJ,25.829308,0.8169662126855164
11,10.5,2,12,NDJ,26.060121,0.9373816634575861
12,10.5,2,12,NDJ,25.982863333333334,1.1642531037471269
13,10.5,2,12,NDJ,25.81118366666667,1.1972303163205753
14,10.5,2,12,NDJ,25.926061333333333,1.31404659907402
15,10.5,2,12,NDJ,25.874309666666665,1.2811999182171263
1,10.5,3,1,DJF,26.169195333333334,1.243764505549886
2,10.5,3,1,DJF,25.928448,0.9832100640234486
3,10.5,3,1,DJF,25.955506333333332,0.8119481643757472
4,10.5,3,1,DJF,25.913773,1.0009019476975844
5,10.5,3,1,DJF,25.935697666666666,0.9707607451288494
6,10.5,3,1,DJF,25.866424,0.6870883404868965
7,10.5,3,1,DJF,25.691879333333336,0.8677656314960898
8,10.5,3,1,DJF,26.182767000000002,1.2595354233251717
9,10.5,3,1,DJF,26.049582333333333,0.7773083248736793
10,10.5,3,1,DJF,25.973890666666666,1.1861200178064382
11,10.5,3,1,DJF,26.023428333333335,1.1829406096833337
12,10.5,3,1,DJF,26.142249333333332,1.182539151958161
13,10.5,3,1,DJF,25.85030833333333,1.1548187561522982
14,10.5,3,1,DJF,25.996190000000002,0.7324818154275864
15,10.5,3,1,DJF,25.94462233333333,0.8364634439909189
1,10.5,4,2,JFM,26.191241666666667,0.9448553162005741
2,10.5,4,2,JFM,26.162096333333334,1.2137892389826423
3,10.5,4,2,JFM,26.250250666666666,0.7917950622616117
4,10.5,4,2,JFM,26.272933666666667,0.6820354896102302
5,10.5,4,2,JFM,26.317439333333333,0.9958791690064367
6,10.5,4,2,JFM,26.28758433333333,0.875959474784024
7,10.5,4,2,JFM,26.244101,0.883500285567932
8,10.5,4,2,JFM,26.280287666666666,0.8458955303633328
9,10.5,4,2,JFM,26.36751233333333,0.8257456229702288
10,10.5,4,2,JFM,26.158044333333333,0.7262700784116095
11,10.5,4,2,JFM,26.267466666666667,0.9088271711195408
12,10.5,4,2,JFM,26.19492066666667,0.8433490406133329
13,10.5,4,2,JFM,26.220281333333332,0.8292987816602313
14,10.5,4,2,JFM,26.226381333333332,0.7788628233912642
15,10.5,4,2,JFM,26.292212,0.9647967835820668
1,10.5,5,3,FMA,26.679146,0.637643078748967
2,10.5,5,3,FMA,26.825621333333334,0.702202732908506
3,10.5,5,3,FMA,26.803563666666665,0.721364793334368
4,10.5,5,3,FMA,26.793415666666665,0.601700179177126
5,10.5,5,3,FMA,26.593137666666667,0.8911510119771247
6,10.5,5,3,FMA,26.614897,0.7097298891665521
7,10.5,5,3,FMA,26.810880333333333,0.8794026905205744
8,10.5,5,3,FMA,26.789493666666665,0.5362867726929875
9,10.5,5,3,FMA,26.656651,0.6872878487334471
10,10.5,5,3,FMA,26.781440333333332,0.9757367546929884
11,10.5,5,3,FMA,26.630716,0.7827095764524139
12,10.5,5,3,FMA,26.878245,0.8118847562258606
13,10.5,5,3,FMA,26.694651,0.7842679160024169
14,10.5,5,3,FMA,26.699665666666665,0.7987168771771258
15,10.5,5,3,FMA,26.763322666666667,0.8953186412409184
1,10.5,6,4,MAM,27.113696,0.626574850204139
2,10.5,6,4,MAM,27.124637,0.3476379988699997
3,10.5,6,4,MAM,27.151936,0.6602936812799995
4,10.5,6,4,MAM,27.121259666666667,0.6270617204929853
5,10.5,6,4,MAM,27.117663999999998,0.4459685207006897
6,10.5,6,4,MAM,27.132769666666665,0.5511365602516087
7,10.5,6,4,MAM,27.185123666666666,0.48453966926540204
8,10.5,6,4,MAM,27.088041666666665,0.7631914179385046
9,10.5,6,4,MAM,27.270078333333334,0.6726731535109196
10,10.5,6,4,MAM,27.065057333333336,0.7557509196754012
11,10.5,6,4,MAM,27.16737733333333,0.6772784460960883
12,10.5,6,4,MAM,27.126193666666666,0.5933063795205764
13,10.5,6,4,MAM,27.18498633333333,0.5609073118791967
14,10.5,6,4,MAM,27.136314333333335,0.4261659072874717
15,10.5,6,4,MAM,27.242024,0.5619461232593126
1,10.5,7,5,AMJ,27.303056333333334,0.29627254876195663
2,10.5,7,5,AMJ,27.401104333333333,0.3679071985633319
3,10.5,7,5,AMJ,27.35469266666667,0.39497362203402453
4,10.5,7,5,AMJ,27.364290333333333,0.6934542523757494
5,10.5,7,5,AMJ,27.455391333333335,0.6269267006533331
6,10.5,7,5,AMJ,27.264432333333332,0.4587966521219534
7,10.5,7,5,AMJ,27.282817333333334,0.5669203116547139
8,10.5,7,5,AMJ,27.363874333333335,0.34436169987367876
9,10.5,7,5,AMJ,27.29887366666667,0.41703248749298916
10,10.5,7,5,AMJ,27.246489,0.620561172436896
11,10.5,7,5,AMJ,27.301922666666666,0.305330289827126
12,10.5,7,5,AMJ,27.312322666666667,0.5254472813236791
13,10.5,7,5,AMJ,27.290758,0.4001647737613805
14,10.5,7,5,AMJ,27.329644666666663,0.4563874476878167
15,10.5,7,5,AMJ,27.383463333333335,0.34069426745747056
1,10.5,8,6,MJJ,26.974344666666664,0.42697891122574555
2,10.5,8,6,MJJ,27.150504666666667,0.4079839474671296
3,10.5,8,6,MJJ,26.983399333333335,0.5298253722822989
4,10.5,8,6,MJJ,27.116347666666666,0.37271121296333265
5,10.5,8,6,MJJ,27.260216206896555,0.2755490519743835
6,10.5,8,6,MJJ,27.188160333333332,0.3628368812998828
7,10.5,8,6,MJJ,27.06094266666667,0.3231514856202299
8,10.5,8,6,MJJ,27.000318999999998,0.6209224597127603
9,10.5,8,6,MJJ,27.027307,0.2292951355596551
10,10.5,8,6,MJJ,26.970633666666668,0.2390003889274715
11,10.5,8,6,MJJ,27.147524333333333,0.5136251814598854
12,10.5,8,6,MJJ,27.160993666666666,0.26916765054126446
13,10.5,8,6,MJJ,26.865133333333333,0.331877480340229
14,10.5,8,6,MJJ,27.039105,0.3531091959155165
15,10.5,8,6,MJJ,27.014214666666664,0.44802956737057326
1,10.5,9,7,JJA,26.570929333333332,0.4964591786478156
2,10.5,9,7,JJA,26.524583333333332,0.34627392911264404
3,10.5,9,7,JJA,26.464144666666666,0.41203834244643717
4,10.5,9,7,JJA,26.56629333333333,0.366818960367816
5,10.5,9,7,JJA,26.515525,0.5112371310051705
6,10.5,9,7,JJA,26.460166,0.4196485720248287
7,10.5,9,7,JJA,26.661499666666668,0.5398123577412648
8,10.5,9,7,JJA,26.604335,0.4204355822051721
9,10.5,9,7,JJA,26.595148,0.2428884704510341
10,10.5,9,7,JJA,26.517269333333335,0.2838304909374716
11,10.5,9,7,JJA,26.501724000000003,0.2751680930455179
12,10.5,9,7,JJA,26.521032333333334,0.22285156923919527
13,10.5,9,7,JJA,26.70835633333333,0.47121415265850447
14,10.5,9,7,JJA,26.500621000000002,0.48606228330586015
15,10.5,9,7,JJA,26.554543000000002,0.4354683225803467
1,10.5,10,8,JAS,26.013541999999998,0.36251040097517245
2,10.5,10,8,JAS,26.236724666666667,0.4875656998809202
3,10.5,10,8,JAS,26.095121,0.5505439948575843
4,10.5,10,8,JAS,26.125467333333333,0.7200825773719527
5,10.5,10,8,JAS,26.153974666666667,0.515779705577472
6,10.5,10,8,JAS,26.16567566666667,0.5678401524874714
7,10.5,10,8,JAS,25.823913666666666,0.36543043394126323
8,10.5,10,8,JAS,26.129546666666666,0.7872588896160898
9,10.5,10,8,JAS,26.05662733333333,0.36293859262712586
10,10.5,10,8,JAS,26.258680666666667,0.47385634589609227
11,10.5,10,8,JAS,26.249331666666667,0.4061056068212648
12,10.5,10,8,JAS,26.045111333333335,0.2851688084395399
13,10.5,10,8,JAS,26.094846,0.5351693036179294
14,10.5,10,8,JAS,26.16676,0.4689648425310345
15,10.5,10,8,JAS,26.124248333333334,0.252610651917815
1,10.5,11,9,ASO,25.965839,0.5038407073403458
2,10.5,11,9,ASO,25.983705333333333,0.4304910429360904
3,10.5,11,9,ASO,25.883268666666666,0.5660358791222994
4,10.5,11,9,ASO,25.995263333333334,0.9494031820436767
5,10.5,11,9,ASO,25.940752,0.7005291556372423
6,10.5,11,9,ASO,26.03060866666667,0.28975056926712683
7,10.5,11,9,ASO,26.035314666666668,0.4271600185981608
8,10.5,11,9,ASO,25.862114666666667,0.4607948215636793
9,10.5,11,9,ASO,25.930945,0.6863610462327602
10,10.5,11,9,ASO,26.094677,0.6843563298631044
11,10.5,11,9,ASO,25.852916666666665,0.4575024679678167
12,10.5,11,9,ASO,25.733150666666667,0.3701028062478163
13,10.5,11,9,ASO,25.942267666666666,0.438650066928851
14,10.5,11,9,ASO,25.926743666666667,0.37955894309988547
15,10.5,11,9,ASO,26.062473333333333,0.3880031925885063
1,10.5,12,10,SON,25.959453,0.6127575222148269
2,10.5,12,10,SON,25.975207666666666,0.74052890537023
3,10.5,12,10,SON,26.044265666666668,0.63268945554954
4,10.5,12,10,SON,25.959142333333332,0.7158404648598866
5,10.5,12,10,SON,26.009595666666666,0.6387014883426438
6,10.5,12,10,SON,25.910074333333334,0.415178866570231
7,10.5,12,10,SON,26.028337,0.5425184338906891
8,10.5,12,10,SON,25.971322666666666,0.6212561444891955
9,10.5,12,10,SON,25.922670333333333,0.482106342444713
10,10.5,12,10,SON,25.744785999999998,0.41413852083172586
11,10.5,12,10,SON,25.887765,0.45392673671551775
12,10.5,12,10,SON,25.847967333333333,0.6628774460616093
13,10.5,12,10,SON,25.93697266666667,0.9473678922960914
14,10.5,12,10,SON,25.883585333333333,0.5985873384671258
15,10.5,12,10,SON,25.922311999999998,0.4354206267958617
