L,MON,LDC_SST_NASA_GEOSS2S
1.5,0000 1 Jan 1991,26.67102
2.5,0000 1 Jan 1991,26.71987
3.5,0000 1 Jan 1991,26.87153
4.5,0000 1 Jan 1991,26.94325
5.5,0000 1 Jan 1991,26.80483
6.5,0000 1 Jan 1991,26.55753
7.5,0000 1 Jan 1991,26.33012
1.5,0000 1 Feb 1991,27.58711
2.5,0000 1 Feb 1991,28.11021
3.5,0000 1 Feb 1991,28.40389
4.5,0000 1 Feb 1991,28.29128
5.5,0000 1 Feb 1991,27.83051
6.5,0000 1 Feb 1991,27.42908
7.5,0000 1 Feb 1991,27.39632
1.5,0000 1 Mar 1991,27.84187
2.5,0000 1 Mar 1991,28.02551
3.5,0000 1 Mar 1991,27.79006
4.5,0000 1 Mar 1991,27.35291
5.5,0000 1 Mar 1991,26.98349
6.5,0000 1 Mar 1991,26.98618
7.5,0000 1 Mar 1991,27.29987
1.5,0000 1 Apr 1991,27.91402
2.5,0000 1 Apr 1991,27.81774
3.5,0000 1 Apr 1991,27.46582
4.5,0000 1 Apr 1991,27.12564
5.5,0000 1 Apr 1991,27.10062
6.5,0000 1 Apr 1991,27.37056
7.5,0000 1 Apr 1991,27.68485
1.5,0000 1 May 1991,28.02165
2.5,0000 1 May 1991,27.59964
3.5,0000 1 May 1991,27.13441
4.5,0000 1 May 1991,26.90784
5.5,0000 1 May 1991,26.97594
6.5,0000 1 May 1991,27.03018
7.5,0000 1 May 1991,26.88144
1.5,0000 1 Jun 1991,27.92466
2.5,0000 1 Jun 1991,27.89625
3.5,0000 1 Jun 1991,28.11767
4.5,0000 1 Jun 1991,28.61176
5.5,0000 1 Jun 1991,29.10109
6.5,0000 1 Jun 1991,29.37455
7.5,0000 1 Jun 1991,29.28295
1.5,0000 1 Jul 1991,27.74185
2.5,0000 1 Jul 1991,27.87656
3.5,0000 1 Jul 1991,28.27799
4.5,0000 1 Jul 1991,28.64664
5.5,0000 1 Jul 1991,28.80666
6.5,0000 1 Jul 1991,28.75209
7.5,0000 1 Jul 1991,28.62004
1.5,0000 1 Aug 1991,27.30486
2.5,0000 1 Aug 1991,27.57394
3.5,0000 1 Aug 1991,28.05305
4.5,0000 1 Aug 1991,28.39034
5.5,0000 1 Aug 1991,28.48212
6.5,0000 1 Aug 1991,28.52725
7.5,0000 1 Aug 1991,28.71682
1.5,0000 1 Sep 1991,26.90568
2.5,0000 1 Sep 1991,27.15824
3.5,0000 1 Sep 1991,27.30861
4.5,0000 1 Sep 1991,27.26841
5.5,0000 1 Sep 1991,27.25248
6.5,0000 1 Sep 1991,27.35501
7.5,0000 1 Sep 1991,27.57455
1.5,0000 1 Oct 1991,27.18056
2.5,0000 1 Oct 1991,27.05138
3.5,0000 1 Oct 1991,26.7796
4.5,0000 1 Oct 1991,26.52317
5.5,0000 1 Oct 1991,26.50904
6.5,0000 1 Oct 1991,26.78886
7.5,0000 1 Oct 1991,27.14369
1.5,0000 1 Nov 1991,27.66963
2.5,0000 1 Nov 1991,27.61338
3.5,0000 1 Nov 1991,27.59515
4.5,0000 1 Nov 1991,27.73503
5.5,0000 1 Nov 1991,28.03139
6.5,0000 1 Nov 1991,28.22191
7.5,0000 1 Nov 1991,28.15346
1.5,0000 1 Dec 1991,28.10747
2.5,0000 1 Dec 1991,28.0892
3.5,0000 1 Dec 1991,28.16212
4.5,0000 1 Dec 1991,28.33827
5.5,0000 1 Dec 1991,28.50161
6.5,0000 1 Dec 1991,28.41544
7.5,0000 1 Dec 1991,28.11197
1.5,0000 1 Jan 1992,28.55248
2.5,0000 1 Jan 1992,28.81683
3.5,0000 1 Jan 1992,29.15562
4.5,0000 1 Jan 1992,29.48661
5.5,0000 1 Jan 1992,29.48848
6.5,0000 1 Jan 1992,29.15926
7.5,0000 1 Jan 1992,28.65097
1.5,0000 1 Feb 1992,28.92023
2.5,0000 1 Feb 1992,29.21883
3.5,0000 1 Feb 1992,29.37587
4.5,0000 1 Feb 1992,29.0649
5.5,0000 1 Feb 1992,28.39586
6.5,0000 1 Feb 1992,27.6908
7.5,0000 1 Feb 1992,27.34829
1.5,0000 1 Mar 1992,29.30374
2.5,0000 1 Mar 1992,29.54453
3.5,0000 1 Mar 1992,29.31233
4.5,0000 1 Mar 1992,28.75262
5.5,0000 1 Mar 1992,28.13281
6.5,0000 1 Mar 1992,27.78023
7.5,0000 1 Mar 1992,27.62906
1.5,0000 1 Apr 1992,29.74483
2.5,0000 1 Apr 1992,29.82723
3.5,0000 1 Apr 1992,29.56281
4.5,0000 1 Apr 1992,29.22297
5.5,0000 1 Apr 1992,28.99923
6.5,0000 1 Apr 1992,29.00733
7.5,0000 1 Apr 1992,28.98161
1.5,0000 1 May 1992,29.21641
2.5,0000 1 May 1992,28.86718
3.5,0000 1 May 1992,28.56448
4.5,0000 1 May 1992,28.51397
5.5,0000 1 May 1992,28.64024
6.5,0000 1 May 1992,28.67496
7.5,0000 1 May 1992,28.45848
1.5,0000 1 Jun 1992,27.36759
2.5,0000 1 Jun 1992,26.75056
3.5,0000 1 Jun 1992,26.50419
4.5,0000 1 Jun 1992,26.53974
5.5,0000 1 Jun 1992,26.50206
6.5,0000 1 Jun 1992,26.35967
7.5,0000 1 Jun 1992,26.18912
1.5,0000 1 Jul 1992,26.57696
2.5,0000 1 Jul 1992,26.23535
3.5,0000 1 Jul 1992,26.20292
4.5,0000 1 Jul 1992,26.22935
5.5,0000 1 Jul 1992,26.14698
6.5,0000 1 Jul 1992,25.87294
7.5,0000 1 Jul 1992,25.65179
1.5,0000 1 Aug 1992,25.8358
2.5,0000 1 Aug 1992,25.83933
3.5,0000 1 Aug 1992,25.87307
4.5,0000 1 Aug 1992,25.68702
5.5,0000 1 Aug 1992,25.45736
6.5,0000 1 Aug 1992,25.35486
7.5,0000 1 Aug 1992,25.57502
1.5,0000 1 Sep 1992,25.97871
2.5,0000 1 Sep 1992,25.93647
3.5,0000 1 Sep 1992,25.76523
4.5,0000 1 Sep 1992,25.58949
5.5,0000 1 Sep 1992,25.53811
6.5,0000 1 Sep 1992,25.75468
7.5,0000 1 Sep 1992,26.10677
1.5,0000 1 Oct 1992,25.81804
2.5,0000 1 Oct 1992,25.55124
3.5,0000 1 Oct 1992,25.44256
4.5,0000 1 Oct 1992,25.54119
5.5,0000 1 Oct 1992,25.9113
6.5,0000 1 Oct 1992,26.37598
7.5,0000 1 Oct 1992,26.77535
1.5,0000 1 Nov 1992,25.69999
2.5,0000 1 Nov 1992,25.48783
3.5,0000 1 Nov 1992,25.54489
4.5,0000 1 Nov 1992,26.01819
5.5,0000 1 Nov 1992,26.63415
6.5,0000 1 Nov 1992,27.05388
7.5,0000 1 Nov 1992,27.24576
1.5,0000 1 Dec 1992,26.12564
2.5,0000 1 Dec 1992,26.06534
3.5,0000 1 Dec 1992,26.44136
4.5,0000 1 Dec 1992,27.05866
5.5,0000 1 Dec 1992,27.5462
6.5,0000 1 Dec 1992,27.70201
7.5,0000 1 Dec 1992,27.68234
1.5,0000 1 Jan 1993,26.65077
2.5,0000 1 Jan 1993,26.92768
3.5,0000 1 Jan 1993,27.42235
4.5,0000 1 Jan 1993,27.78547
5.5,0000 1 Jan 1993,27.83913
6.5,0000 1 Jan 1993,27.62565
7.5,0000 1 Jan 1993,27.43637
1.5,0000 1 Feb 1993,27.61159
2.5,0000 1 Feb 1993,28.28638
3.5,0000 1 Feb 1993,28.75708
4.5,0000 1 Feb 1993,28.85797
5.5,0000 1 Feb 1993,28.69838
6.5,0000 1 Feb 1993,28.61121
7.5,0000 1 Feb 1993,28.74752
1.5,0000 1 Mar 1993,28.49657
2.5,0000 1 Mar 1993,29.07156
3.5,0000 1 Mar 1993,29.23924
4.5,0000 1 Mar 1993,29.08903
5.5,0000 1 Mar 1993,28.92419
6.5,0000 1 Mar 1993,28.98095
7.5,0000 1 Mar 1993,29.27451
1.5,0000 1 Apr 1993,29.12557
2.5,0000 1 Apr 1993,29.31899
3.5,0000 1 Apr 1993,29.18644
4.5,0000 1 Apr 1993,29.08301
5.5,0000 1 Apr 1993,29.36187
6.5,0000 1 Apr 1993,29.71102
7.5,0000 1 Apr 1993,29.96848
1.5,0000 1 May 1993,28.91796
2.5,0000 1 May 1993,28.62264
3.5,0000 1 May 1993,28.33691
4.5,0000 1 May 1993,28.25667
5.5,0000 1 May 1993,28.50471
6.5,0000 1 May 1993,28.62624
7.5,0000 1 May 1993,28.49563
1.5,0000 1 Jun 1993,28.0638
2.5,0000 1 Jun 1993,27.57074
3.5,0000 1 Jun 1993,27.26928
4.5,0000 1 Jun 1993,27.35369
5.5,0000 1 Jun 1993,27.53291
6.5,0000 1 Jun 1993,27.41829
7.5,0000 1 Jun 1993,27.06144
1.5,0000 1 Jul 1993,26.9074
2.5,0000 1 Jul 1993,26.58081
3.5,0000 1 Jul 1993,26.60946
4.5,0000 1 Jul 1993,26.67753
5.5,0000 1 Jul 1993,26.50205
6.5,0000 1 Jul 1993,26.06845
7.5,0000 1 Jul 1993,25.80383
1.5,0000 1 Aug 1993,26.40909
2.5,0000 1 Aug 1993,26.35323
3.5,0000 1 Aug 1993,26.21438
4.5,0000 1 Aug 1993,25.88693
5.5,0000 1 Aug 1993,25.42342
6.5,0000 1 Aug 1993,25.16475
7.5,0000 1 Aug 1993,25.15527
1.5,0000 1 Sep 1993,26.28801
2.5,0000 1 Sep 1993,26.12336
3.5,0000 1 Sep 1993,25.71621
4.5,0000 1 Sep 1993,25.14224
5.5,0000 1 Sep 1993,24.79557
6.5,0000 1 Sep 1993,24.96931
7.5,0000 1 Sep 1993,25.36544
1.5,0000 1 Oct 1993,26.38031
2.5,0000 1 Oct 1993,25.86325
3.5,0000 1 Oct 1993,25.29858
4.5,0000 1 Oct 1993,24.87858
5.5,0000 1 Oct 1993,24.88914
6.5,0000 1 Oct 1993,25.0871
7.5,0000 1 Oct 1993,25.29884
1.5,0000 1 Nov 1993,26.20394
2.5,0000 1 Nov 1993,25.59904
3.5,0000 1 Nov 1993,25.10705
4.5,0000 1 Nov 1993,25.07605
5.5,0000 1 Nov 1993,25.27594
6.5,0000 1 Nov 1993,25.45918
7.5,0000 1 Nov 1993,25.4828
1.5,0000 1 Dec 1993,25.7073
2.5,0000 1 Dec 1993,25.22524
3.5,0000 1 Dec 1993,25.29865
4.5,0000 1 Dec 1993,25.60805
5.5,0000 1 Dec 1993,25.85311
6.5,0000 1 Dec 1993,25.86435
7.5,0000 1 Dec 1993,25.81531
1.5,0000 1 Jan 1994,26.1268
2.5,0000 1 Jan 1994,26.15722
3.5,0000 1 Jan 1994,26.18063
4.5,0000 1 Jan 1994,25.96638
5.5,0000 1 Jan 1994,25.69542
6.5,0000 1 Jan 1994,25.54029
7.5,0000 1 Jan 1994,25.51914
1.5,0000 1 Feb 1994,26.63395
2.5,0000 1 Feb 1994,26.79237
3.5,0000 1 Feb 1994,26.96626
4.5,0000 1 Feb 1994,27.07825
5.5,0000 1 Feb 1994,27.0095
6.5,0000 1 Feb 1994,26.95959
7.5,0000 1 Feb 1994,27.09845
1.5,0000 1 Mar 1994,27.40579
2.5,0000 1 Mar 1994,27.53386
3.5,0000 1 Mar 1994,27.37035
4.5,0000 1 Mar 1994,26.99704
5.5,0000 1 Mar 1994,26.66961
6.5,0000 1 Mar 1994,26.64098
7.5,0000 1 Mar 1994,26.86038
1.5,0000 1 Apr 1994,28.02576
2.5,0000 1 Apr 1994,28.07162
3.5,0000 1 Apr 1994,27.89414
4.5,0000 1 Apr 1994,27.66663
5.5,0000 1 Apr 1994,27.64729
6.5,0000 1 Apr 1994,27.87103
7.5,0000 1 Apr 1994,28.06717
1.5,0000 1 May 1994,27.64652
2.5,0000 1 May 1994,27.463
3.5,0000 1 May 1994,27.31134
4.5,0000 1 May 1994,27.49224
5.5,0000 1 May 1994,27.86893
6.5,0000 1 May 1994,28.1693
7.5,0000 1 May 1994,28.05537
1.5,0000 1 Jun 1994,27.52222
2.5,0000 1 Jun 1994,27.27958
3.5,0000 1 Jun 1994,27.32557
4.5,0000 1 Jun 1994,27.59378
5.5,0000 1 Jun 1994,27.87202
6.5,0000 1 Jun 1994,27.92145
7.5,0000 1 Jun 1994,27.73148
1.5,0000 1 Jul 1994,26.71652
2.5,0000 1 Jul 1994,26.73433
3.5,0000 1 Jul 1994,27.05695
4.5,0000 1 Jul 1994,27.42397
5.5,0000 1 Jul 1994,27.60357
6.5,0000 1 Jul 1994,27.56775
7.5,0000 1 Jul 1994,27.42266
1.5,0000 1 Aug 1994,26.29405
2.5,0000 1 Aug 1994,26.32132
3.5,0000 1 Aug 1994,26.53309
4.5,0000 1 Aug 1994,26.49669
5.5,0000 1 Aug 1994,26.19463
6.5,0000 1 Aug 1994,25.9406
7.5,0000 1 Aug 1994,26.02142
1.5,0000 1 Sep 1994,26.47491
2.5,0000 1 Sep 1994,26.40714
3.5,0000 1 Sep 1994,26.26308
4.5,0000 1 Sep 1994,25.9373
5.5,0000 1 Sep 1994,25.68332
6.5,0000 1 Sep 1994,25.75778
7.5,0000 1 Sep 1994,25.99825
1.5,0000 1 Oct 1994,27.18975
2.5,0000 1 Oct 1994,27.02871
3.5,0000 1 Oct 1994,26.61101
4.5,0000 1 Oct 1994,26.23872
5.5,0000 1 Oct 1994,26.14153
6.5,0000 1 Oct 1994,26.2311
7.5,0000 1 Oct 1994,26.31068
1.5,0000 1 Nov 1994,27.46885
2.5,0000 1 Nov 1994,27.1705
3.5,0000 1 Nov 1994,26.93012
4.5,0000 1 Nov 1994,26.89919
5.5,0000 1 Nov 1994,26.91561
6.5,0000 1 Nov 1994,26.85626
7.5,0000 1 Nov 1994,26.71825
1.5,0000 1 Dec 1994,27.49486
2.5,0000 1 Dec 1994,27.28379
3.5,0000 1 Dec 1994,27.26156
4.5,0000 1 Dec 1994,27.30928
5.5,0000 1 Dec 1994,27.2504
6.5,0000 1 Dec 1994,26.92772
7.5,0000 1 Dec 1994,26.44418
1.5,0000 1 Jan 1995,27.69742
2.5,0000 1 Jan 1995,27.71563
3.5,0000 1 Jan 1995,27.67662
4.5,0000 1 Jan 1995,27.41591
5.5,0000 1 Jan 1995,26.88298
6.5,0000 1 Jan 1995,26.38235
7.5,0000 1 Jan 1995,26.10318
1.5,0000 1 Feb 1995,27.69237
2.5,0000 1 Feb 1995,28.02641
3.5,0000 1 Feb 1995,28.15115
4.5,0000 1 Feb 1995,27.87126
5.5,0000 1 Feb 1995,27.47341
6.5,0000 1 Feb 1995,27.07129
7.5,0000 1 Feb 1995,26.84449
1.5,0000 1 Mar 1995,27.84874
2.5,0000 1 Mar 1995,27.85208
3.5,0000 1 Mar 1995,27.40111
4.5,0000 1 Mar 1995,26.77036
5.5,0000 1 Mar 1995,26.30095
6.5,0000 1 Mar 1995,26.0936
7.5,0000 1 Mar 1995,26.08485
1.5,0000 1 Apr 1995,27.75221
2.5,0000 1 Apr 1995,27.38026
3.5,0000 1 Apr 1995,26.79308
4.5,0000 1 Apr 1995,26.22717
5.5,0000 1 Apr 1995,26.00531
6.5,0000 1 Apr 1995,25.99316
7.5,0000 1 Apr 1995,26.04718
1.5,0000 1 May 1995,27.27682
2.5,0000 1 May 1995,26.698
3.5,0000 1 May 1995,26.17378
4.5,0000 1 May 1995,25.91743
5.5,0000 1 May 1995,25.89658
6.5,0000 1 May 1995,25.96691
7.5,0000 1 May 1995,25.83251
1.5,0000 1 Jun 1995,26.76337
2.5,0000 1 Jun 1995,26.26975
3.5,0000 1 Jun 1995,26.07613
4.5,0000 1 Jun 1995,26.14878
5.5,0000 1 Jun 1995,26.24339
6.5,0000 1 Jun 1995,26.01492
7.5,0000 1 Jun 1995,25.57001
1.5,0000 1 Jul 1995,26.35265
2.5,0000 1 Jul 1995,26.05737
3.5,0000 1 Jul 1995,25.99469
4.5,0000 1 Jul 1995,25.98621
5.5,0000 1 Jul 1995,25.84504
6.5,0000 1 Jul 1995,25.58209
7.5,0000 1 Jul 1995,25.42418
1.5,0000 1 Aug 1995,25.75579
2.5,0000 1 Aug 1995,25.63841
3.5,0000 1 Aug 1995,25.65638
4.5,0000 1 Aug 1995,25.54693
5.5,0000 1 Aug 1995,25.34136
6.5,0000 1 Aug 1995,25.29429
7.5,0000 1 Aug 1995,25.57087
1.5,0000 1 Sep 1995,25.13209
2.5,0000 1 Sep 1995,25.06126
3.5,0000 1 Sep 1995,24.96605
4.5,0000 1 Sep 1995,24.76644
5.5,0000 1 Sep 1995,24.65079
6.5,0000 1 Sep 1995,24.8327
7.5,0000 1 Sep 1995,25.26574
1.5,0000 1 Oct 1995,24.86821
2.5,0000 1 Oct 1995,24.52825
3.5,0000 1 Oct 1995,24.17031
4.5,0000 1 Oct 1995,24.08239
5.5,0000 1 Oct 1995,24.3947
6.5,0000 1 Oct 1995,24.97203
7.5,0000 1 Oct 1995,25.43422
1.5,0000 1 Nov 1995,24.71741
2.5,0000 1 Nov 1995,24.37776
3.5,0000 1 Nov 1995,24.26654
4.5,0000 1 Nov 1995,24.68079
5.5,0000 1 Nov 1995,25.36176
6.5,0000 1 Nov 1995,25.95412
7.5,0000 1 Nov 1995,26.20196
1.5,0000 1 Dec 1995,25.00192
2.5,0000 1 Dec 1995,24.94013
3.5,0000 1 Dec 1995,25.22978
4.5,0000 1 Dec 1995,25.73619
5.5,0000 1 Dec 1995,26.19602
6.5,0000 1 Dec 1995,26.4255
7.5,0000 1 Dec 1995,26.52111
1.5,0000 1 Jan 1996,25.82129
2.5,0000 1 Jan 1996,26.31208
3.5,0000 1 Jan 1996,26.86217
4.5,0000 1 Jan 1996,27.242
5.5,0000 1 Jan 1996,27.37465
6.5,0000 1 Jan 1996,27.34848
7.5,0000 1 Jan 1996,27.35781
1.5,0000 1 Feb 1996,26.38461
2.5,0000 1 Feb 1996,26.89484
3.5,0000 1 Feb 1996,27.24036
4.5,0000 1 Feb 1996,27.29464
5.5,0000 1 Feb 1996,27.12781
6.5,0000 1 Feb 1996,26.94258
7.5,0000 1 Feb 1996,26.89034
1.5,0000 1 Mar 1996,27.32063
2.5,0000 1 Mar 1996,27.61648
3.5,0000 1 Mar 1996,27.54132
4.5,0000 1 Mar 1996,27.19379
5.5,0000 1 Mar 1996,26.81069
6.5,0000 1 Mar 1996,26.68096
7.5,0000 1 Mar 1996,26.68715
1.5,0000 1 Apr 1996,27.58371
2.5,0000 1 Apr 1996,27.62739
3.5,0000 1 Apr 1996,27.48197
4.5,0000 1 Apr 1996,27.32055
5.5,0000 1 Apr 1996,27.45305
6.5,0000 1 Apr 1996,27.79454
7.5,0000 1 Apr 1996,28.19318
1.5,0000 1 May 1996,27.17763
2.5,0000 1 May 1996,26.81627
3.5,0000 1 May 1996,26.4139
4.5,0000 1 May 1996,26.21822
5.5,0000 1 May 1996,26.16723
6.5,0000 1 May 1996,26.09879
7.5,0000 1 May 1996,25.76318
1.5,0000 1 Jun 1996,26.79129
2.5,0000 1 Jun 1996,26.36632
3.5,0000 1 Jun 1996,26.02048
4.5,0000 1 Jun 1996,25.82112
5.5,0000 1 Jun 1996,25.75225
6.5,0000 1 Jun 1996,25.5642
7.5,0000 1 Jun 1996,25.29373
1.5,0000 1 Jul 1996,26.13489
2.5,0000 1 Jul 1996,25.76393
3.5,0000 1 Jul 1996,25.71503
4.5,0000 1 Jul 1996,25.66614
5.5,0000 1 Jul 1996,25.36984
6.5,0000 1 Jul 1996,24.90238
7.5,0000 1 Jul 1996,24.68308
1.5,0000 1 Aug 1996,25.65527
2.5,0000 1 Aug 1996,25.57642
3.5,0000 1 Aug 1996,25.58756
4.5,0000 1 Aug 1996,25.38502
5.5,0000 1 Aug 1996,25.20973
6.5,0000 1 Aug 1996,25.32118
7.5,0000 1 Aug 1996,25.731
1.5,0000 1 Sep 1996,25.58084
2.5,0000 1 Sep 1996,25.49966
3.5,0000 1 Sep 1996,25.48285
4.5,0000 1 Sep 1996,25.39926
5.5,0000 1 Sep 1996,25.53206
6.5,0000 1 Sep 1996,25.97029
7.5,0000 1 Sep 1996,26.54294
1.5,0000 1 Oct 1996,25.73813
2.5,0000 1 Oct 1996,25.56469
3.5,0000 1 Oct 1996,25.40739
4.5,0000 1 Oct 1996,25.43975
5.5,0000 1 Oct 1996,25.79249
6.5,0000 1 Oct 1996,26.34874
7.5,0000 1 Oct 1996,26.84907
1.5,0000 1 Nov 1996,25.58898
2.5,0000 1 Nov 1996,25.35586
3.5,0000 1 Nov 1996,25.42278
4.5,0000 1 Nov 1996,25.79055
5.5,0000 1 Nov 1996,26.3903
6.5,0000 1 Nov 1996,26.82809
7.5,0000 1 Nov 1996,27.11452
1.5,0000 1 Dec 1996,25.46915
2.5,0000 1 Dec 1996,25.44481
3.5,0000 1 Dec 1996,25.87976
4.5,0000 1 Dec 1996,26.58699
5.5,0000 1 Dec 1996,27.16565
6.5,0000 1 Dec 1996,27.48614
7.5,0000 1 Dec 1996,27.67218
1.5,0000 1 Jan 1997,26.15987
2.5,0000 1 Jan 1997,26.71927
3.5,0000 1 Jan 1997,27.42017
4.5,0000 1 Jan 1997,28.04129
5.5,0000 1 Jan 1997,28.34282
6.5,0000 1 Jan 1997,28.40269
7.5,0000 1 Jan 1997,28.37163
1.5,0000 1 Feb 1997,26.70658
2.5,0000 1 Feb 1997,27.3165
3.5,0000 1 Feb 1997,27.82337
4.5,0000 1 Feb 1997,28.04956
5.5,0000 1 Feb 1997,28.00962
6.5,0000 1 Feb 1997,28.04465
7.5,0000 1 Feb 1997,28.36669
1.5,0000 1 Mar 1997,27.87976
2.5,0000 1 Mar 1997,28.47516
3.5,0000 1 Mar 1997,28.77683
4.5,0000 1 Mar 1997,28.93209
5.5,0000 1 Mar 1997,29.05022
6.5,0000 1 Mar 1997,29.40208
7.5,0000 1 Mar 1997,29.85278
1.5,0000 1 Apr 1997,28.69616
2.5,0000 1 Apr 1997,29.00527
3.5,0000 1 Apr 1997,29.12214
4.5,0000 1 Apr 1997,29.27882
5.5,0000 1 Apr 1997,29.67833
6.5,0000 1 Apr 1997,30.19047
7.5,0000 1 Apr 1997,30.53343
1.5,0000 1 May 1997,28.96526
2.5,0000 1 May 1997,29.2175
3.5,0000 1 May 1997,29.48053
4.5,0000 1 May 1997,29.87469
5.5,0000 1 May 1997,30.28722
6.5,0000 1 May 1997,30.55897
7.5,0000 1 May 1997,30.61086
1.5,0000 1 Jun 1997,29.27563
2.5,0000 1 Jun 1997,29.56219
3.5,0000 1 Jun 1997,29.9528
4.5,0000 1 Jun 1997,30.29338
5.5,0000 1 Jun 1997,30.51801
6.5,0000 1 Jun 1997,30.50063
7.5,0000 1 Jun 1997,30.41189
1.5,0000 1 Jul 1997,29.31705
2.5,0000 1 Jul 1997,29.67157
3.5,0000 1 Jul 1997,30.10704
4.5,0000 1 Jul 1997,30.44627
5.5,0000 1 Jul 1997,30.58318
6.5,0000 1 Jul 1997,30.5403
7.5,0000 1 Jul 1997,30.37212
1.5,0000 1 Aug 1997,29.13533
2.5,0000 1 Aug 1997,29.49006
3.5,0000 1 Aug 1997,29.84544
4.5,0000 1 Aug 1997,30.0518
5.5,0000 1 Aug 1997,30.09205
6.5,0000 1 Aug 1997,30.04401
7.5,0000 1 Aug 1997,29.9909
1.5,0000 1 Sep 1997,29.54391
2.5,0000 1 Sep 1997,29.8765
3.5,0000 1 Sep 1997,30.04196
4.5,0000 1 Sep 1997,30.05302
5.5,0000 1 Sep 1997,29.99026
6.5,0000 1 Sep 1997,29.9879
7.5,0000 1 Sep 1997,29.83961
1.5,0000 1 Oct 1997,29.92945
2.5,0000 1 Oct 1997,30.00187
3.5,0000 1 Oct 1997,29.88423
4.5,0000 1 Oct 1997,29.80193
5.5,0000 1 Oct 1997,29.71433
6.5,0000 1 Oct 1997,29.45799
7.5,0000 1 Oct 1997,28.83317
1.5,0000 1 Nov 1997,29.89989
2.5,0000 1 Nov 1997,29.80452
3.5,0000 1 Nov 1997,29.59043
4.5,0000 1 Nov 1997,29.55868
5.5,0000 1 Nov 1997,29.50296
6.5,0000 1 Nov 1997,29.03357
7.5,0000 1 Nov 1997,27.69823
1.5,0000 1 Dec 1997,29.67829
2.5,0000 1 Dec 1997,29.55916
3.5,0000 1 Dec 1997,29.47186
4.5,0000 1 Dec 1997,29.27737
5.5,0000 1 Dec 1997,28.68601
6.5,0000 1 Dec 1997,27.40328
7.5,0000 1 Dec 1997,26.03449
1.5,0000 1 Jan 1998,29.37321
2.5,0000 1 Jan 1998,29.39969
3.5,0000 1 Jan 1998,29.36181
4.5,0000 1 Jan 1998,28.71408
5.5,0000 1 Jan 1998,27.38088
6.5,0000 1 Jan 1998,26.05123
7.5,0000 1 Jan 1998,25.20936
1.5,0000 1 Feb 1998,29.09683
2.5,0000 1 Feb 1998,29.18858
3.5,0000 1 Feb 1998,28.95192
4.5,0000 1 Feb 1998,27.95343
5.5,0000 1 Feb 1998,26.63074
6.5,0000 1 Feb 1998,25.41902
7.5,0000 1 Feb 1998,24.9173
1.5,0000 1 Mar 1998,29.19983
2.5,0000 1 Mar 1998,29.12962
3.5,0000 1 Mar 1998,28.24148
4.5,0000 1 Mar 1998,26.84252
5.5,0000 1 Mar 1998,25.54311
6.5,0000 1 Mar 1998,24.87372
7.5,0000 1 Mar 1998,24.39968
1.5,0000 1 Apr 1998,29.29883
2.5,0000 1 Apr 1998,28.60085
3.5,0000 1 Apr 1998,27.41834
4.5,0000 1 Apr 1998,26.17651
5.5,0000 1 Apr 1998,25.47883
6.5,0000 1 Apr 1998,25.03959
7.5,0000 1 Apr 1998,24.60814
1.5,0000 1 May 1998,28.44195
2.5,0000 1 May 1998,27.35774
3.5,0000 1 May 1998,26.23314
4.5,0000 1 May 1998,25.55859
5.5,0000 1 May 1998,25.23267
6.5,0000 1 May 1998,24.88029
7.5,0000 1 May 1998,24.41102
1.5,0000 1 Jun 1998,25.89857
2.5,0000 1 Jun 1998,24.99291
3.5,0000 1 Jun 1998,24.50348
4.5,0000 1 Jun 1998,24.25238
5.5,0000 1 Jun 1998,24.11144
6.5,0000 1 Jun 1998,23.8372
7.5,0000 1 Jun 1998,23.52837
1.5,0000 1 Jul 1998,24.726
2.5,0000 1 Jul 1998,24.40445
3.5,0000 1 Jul 1998,24.34786
4.5,0000 1 Jul 1998,24.2315
5.5,0000 1 Jul 1998,23.96252
6.5,0000 1 Jul 1998,23.71072
7.5,0000 1 Jul 1998,23.77465
1.5,0000 1 Aug 1998,24.66489
2.5,0000 1 Aug 1998,24.74057
3.5,0000 1 Aug 1998,24.82864
4.5,0000 1 Aug 1998,24.65099
5.5,0000 1 Aug 1998,24.24736
6.5,0000 1 Aug 1998,24.10071
7.5,0000 1 Aug 1998,24.42457
1.5,0000 1 Sep 1998,24.3414
2.5,0000 1 Sep 1998,24.21151
3.5,0000 1 Sep 1998,24.14754
4.5,0000 1 Sep 1998,23.95412
5.5,0000 1 Sep 1998,23.98614
6.5,0000 1 Sep 1998,24.52188
7.5,0000 1 Sep 1998,25.21443
1.5,0000 1 Oct 1998,24.56842
2.5,0000 1 Oct 1998,24.19091
3.5,0000 1 Oct 1998,23.82734
4.5,0000 1 Oct 1998,23.67495
5.5,0000 1 Oct 1998,23.98495
6.5,0000 1 Oct 1998,24.51552
7.5,0000 1 Oct 1998,24.93092
1.5,0000 1 Nov 1998,24.34921
2.5,0000 1 Nov 1998,23.96309
3.5,0000 1 Nov 1998,24.03939
4.5,0000 1 Nov 1998,24.63851
5.5,0000 1 Nov 1998,25.39797
6.5,0000 1 Nov 1998,25.88895
7.5,0000 1 Nov 1998,26.05707
1.5,0000 1 Dec 1998,23.97641
2.5,0000 1 Dec 1998,24.0308
3.5,0000 1 Dec 1998,24.62284
4.5,0000 1 Dec 1998,25.37487
5.5,0000 1 Dec 1998,25.91931
6.5,0000 1 Dec 1998,26.06919
7.5,0000 1 Dec 1998,26.08536
1.5,0000 1 Jan 1999,24.64239
2.5,0000 1 Jan 1999,25.03396
3.5,0000 1 Jan 1999,25.62001
4.5,0000 1 Jan 1999,26.10627
5.5,0000 1 Jan 1999,26.28123
6.5,0000 1 Jan 1999,26.22816
7.5,0000 1 Jan 1999,26.20824
1.5,0000 1 Feb 1999,25.69156
2.5,0000 1 Feb 1999,26.07924
3.5,0000 1 Feb 1999,26.30436
4.5,0000 1 Feb 1999,26.27127
5.5,0000 1 Feb 1999,26.04792
6.5,0000 1 Feb 1999,25.84619
7.5,0000 1 Feb 1999,25.88958
1.5,0000 1 Mar 1999,26.30391
2.5,0000 1 Mar 1999,26.43097
3.5,0000 1 Mar 1999,26.39357
4.5,0000 1 Mar 1999,26.14517
5.5,0000 1 Mar 1999,25.86821
6.5,0000 1 Mar 1999,25.73677
7.5,0000 1 Mar 1999,25.74007
1.5,0000 1 Apr 1999,27.02858
2.5,0000 1 Apr 1999,26.73987
3.5,0000 1 Apr 1999,26.22117
4.5,0000 1 Apr 1999,25.76913
5.5,0000 1 Apr 1999,25.44826
6.5,0000 1 Apr 1999,25.28744
7.5,0000 1 Apr 1999,25.12085
1.5,0000 1 May 1999,26.85697
2.5,0000 1 May 1999,26.23879
3.5,0000 1 May 1999,25.46271
4.5,0000 1 May 1999,24.88671
5.5,0000 1 May 1999,24.62376
6.5,0000 1 May 1999,24.51956
7.5,0000 1 May 1999,24.23615
1.5,0000 1 Jun 1999,26.52258
2.5,0000 1 Jun 1999,26.14044
3.5,0000 1 Jun 1999,25.79767
4.5,0000 1 Jun 1999,25.5193
5.5,0000 1 Jun 1999,25.28623
6.5,0000 1 Jun 1999,24.98439
7.5,0000 1 Jun 1999,24.74993
1.5,0000 1 Jul 1999,25.58351
2.5,0000 1 Jul 1999,25.02953
3.5,0000 1 Jul 1999,24.77652
4.5,0000 1 Jul 1999,24.66908
5.5,0000 1 Jul 1999,24.46126
6.5,0000 1 Jul 1999,24.22348
7.5,0000 1 Jul 1999,24.3092
1.5,0000 1 Aug 1999,24.81647
2.5,0000 1 Aug 1999,24.57445
3.5,0000 1 Aug 1999,24.43667
4.5,0000 1 Aug 1999,24.1683
5.5,0000 1 Aug 1999,23.94045
6.5,0000 1 Aug 1999,24.01613
7.5,0000 1 Aug 1999,24.43094
1.5,0000 1 Sep 1999,24.50916
2.5,0000 1 Sep 1999,24.2485
3.5,0000 1 Sep 1999,24.09795
4.5,0000 1 Sep 1999,24.0842
5.5,0000 1 Sep 1999,24.22088
6.5,0000 1 Sep 1999,24.64138
7.5,0000 1 Sep 1999,25.28221
1.5,0000 1 Oct 1999,24.52979
2.5,0000 1 Oct 1999,23.93469
3.5,0000 1 Oct 1999,23.57811
4.5,0000 1 Oct 1999,23.5305
5.5,0000 1 Oct 1999,23.89996
6.5,0000 1 Oct 1999,24.4909
7.5,0000 1 Oct 1999,25.05431
1.5,0000 1 Nov 1999,24.3831
2.5,0000 1 Nov 1999,23.92504
3.5,0000 1 Nov 1999,23.90854
4.5,0000 1 Nov 1999,24.42022
5.5,0000 1 Nov 1999,25.22782
6.5,0000 1 Nov 1999,25.838
7.5,0000 1 Nov 1999,26.09638
1.5,0000 1 Dec 1999,24.0734
2.5,0000 1 Dec 1999,24.11264
3.5,0000 1 Dec 1999,24.62047
4.5,0000 1 Dec 1999,25.40702
5.5,0000 1 Dec 1999,25.9425
6.5,0000 1 Dec 1999,26.16635
7.5,0000 1 Dec 1999,26.26998
1.5,0000 1 Jan 2000,24.69734
2.5,0000 1 Jan 2000,25.00732
3.5,0000 1 Jan 2000,25.51939
4.5,0000 1 Jan 2000,26.01085
5.5,0000 1 Jan 2000,26.28006
6.5,0000 1 Jan 2000,26.33363
7.5,0000 1 Jan 2000,26.44219
1.5,0000 1 Feb 2000,25.40243
2.5,0000 1 Feb 2000,25.96469
3.5,0000 1 Feb 2000,26.49853
4.5,0000 1 Feb 2000,26.81086
5.5,0000 1 Feb 2000,26.89956
6.5,0000 1 Feb 2000,26.89324
7.5,0000 1 Feb 2000,27.01472
1.5,0000 1 Mar 2000,26.43084
2.5,0000 1 Mar 2000,26.87694
3.5,0000 1 Mar 2000,27.13614
4.5,0000 1 Mar 2000,27.21379
5.5,0000 1 Mar 2000,27.22688
6.5,0000 1 Mar 2000,27.38886
7.5,0000 1 Mar 2000,27.66819
1.5,0000 1 Apr 2000,27.42803
2.5,0000 1 Apr 2000,27.53652
3.5,0000 1 Apr 2000,27.37551
4.5,0000 1 Apr 2000,27.15219
5.5,0000 1 Apr 2000,27.06593
6.5,0000 1 Apr 2000,27.24015
7.5,0000 1 Apr 2000,27.40649
1.5,0000 1 May 2000,27.53177
2.5,0000 1 May 2000,27.2464
3.5,0000 1 May 2000,26.86605
4.5,0000 1 May 2000,26.76586
5.5,0000 1 May 2000,26.88005
6.5,0000 1 May 2000,27.08541
7.5,0000 1 May 2000,27.008
1.5,0000 1 Jun 2000,26.91969
2.5,0000 1 Jun 2000,26.58853
3.5,0000 1 Jun 2000,26.39429
4.5,0000 1 Jun 2000,26.42704
5.5,0000 1 Jun 2000,26.58151
6.5,0000 1 Jun 2000,26.57515
7.5,0000 1 Jun 2000,26.32447
1.5,0000 1 Jul 2000,26.50861
2.5,0000 1 Jul 2000,26.43426
3.5,0000 1 Jul 2000,26.65107
4.5,0000 1 Jul 2000,26.88871
5.5,0000 1 Jul 2000,26.83573
6.5,0000 1 Jul 2000,26.57107
7.5,0000 1 Jul 2000,26.39554
1.5,0000 1 Aug 2000,25.89232
2.5,0000 1 Aug 2000,25.85788
3.5,0000 1 Aug 2000,25.97429
4.5,0000 1 Aug 2000,25.86362
5.5,0000 1 Aug 2000,25.63818
6.5,0000 1 Aug 2000,25.57666
7.5,0000 1 Aug 2000,25.87345
1.5,0000 1 Sep 2000,25.90668
2.5,0000 1 Sep 2000,25.86349
3.5,0000 1 Sep 2000,25.75181
4.5,0000 1 Sep 2000,25.57174
5.5,0000 1 Sep 2000,25.50593
6.5,0000 1 Sep 2000,25.79227
7.5,0000 1 Sep 2000,26.31657
1.5,0000 1 Oct 2000,25.94736
2.5,0000 1 Oct 2000,25.75784
3.5,0000 1 Oct 2000,25.64169
4.5,0000 1 Oct 2000,25.74631
5.5,0000 1 Oct 2000,26.21284
6.5,0000 1 Oct 2000,26.83885
7.5,0000 1 Oct 2000,27.36052
1.5,0000 1 Nov 2000,25.35677
2.5,0000 1 Nov 2000,25.10467
3.5,0000 1 Nov 2000,25.10353
4.5,0000 1 Nov 2000,25.35957
5.5,0000 1 Nov 2000,25.82714
6.5,0000 1 Nov 2000,26.24724
7.5,0000 1 Nov 2000,26.53223
1.5,0000 1 Dec 2000,25.67695
2.5,0000 1 Dec 2000,25.86428
3.5,0000 1 Dec 2000,26.39116
4.5,0000 1 Dec 2000,27.04781
5.5,0000 1 Dec 2000,27.57221
6.5,0000 1 Dec 2000,27.8419
7.5,0000 1 Dec 2000,27.95359
1.5,0000 1 Jan 2001,25.97637
2.5,0000 1 Jan 2001,26.36493
3.5,0000 1 Jan 2001,26.86058
4.5,0000 1 Jan 2001,27.32238
5.5,0000 1 Jan 2001,27.66899
6.5,0000 1 Jan 2001,27.8078
7.5,0000 1 Jan 2001,27.88659
1.5,0000 1 Feb 2001,26.6069
2.5,0000 1 Feb 2001,27.10836
3.5,0000 1 Feb 2001,27.46881
4.5,0000 1 Feb 2001,27.59467
5.5,0000 1 Feb 2001,27.51992
6.5,0000 1 Feb 2001,27.51258
7.5,0000 1 Feb 2001,27.62527
1.5,0000 1 Mar 2001,27.45425
2.5,0000 1 Mar 2001,27.89695
3.5,0000 1 Mar 2001,28.07792
4.5,0000 1 Mar 2001,28.06034
5.5,0000 1 Mar 2001,28.0356
6.5,0000 1 Mar 2001,28.25206
7.5,0000 1 Mar 2001,28.64123
1.5,0000 1 Apr 2001,28.06158
2.5,0000 1 Apr 2001,28.25723
3.5,0000 1 Apr 2001,28.24789
4.5,0000 1 Apr 2001,28.24798
5.5,0000 1 Apr 2001,28.54866
6.5,0000 1 Apr 2001,29.02901
7.5,0000 1 Apr 2001,29.57292
1.5,0000 1 May 2001,27.91063
2.5,0000 1 May 2001,27.83599
3.5,0000 1 May 2001,27.83971
4.5,0000 1 May 2001,28.07516
5.5,0000 1 May 2001,28.54688
6.5,0000 1 May 2001,29.02284
7.5,0000 1 May 2001,29.245
1.5,0000 1 Jun 2001,27.38468
2.5,0000 1 Jun 2001,27.18641
3.5,0000 1 Jun 2001,27.22169
4.5,0000 1 Jun 2001,27.49358
5.5,0000 1 Jun 2001,27.74995
6.5,0000 1 Jun 2001,27.73036
7.5,0000 1 Jun 2001,27.48512
1.5,0000 1 Jul 2001,27.28871
2.5,0000 1 Jul 2001,27.20603
3.5,0000 1 Jul 2001,27.28457
4.5,0000 1 Jul 2001,27.36257
5.5,0000 1 Jul 2001,27.29202
6.5,0000 1 Jul 2001,27.08665
7.5,0000 1 Jul 2001,26.98377
1.5,0000 1 Aug 2001,26.63578
2.5,0000 1 Aug 2001,26.76086
3.5,0000 1 Aug 2001,27.08092
4.5,0000 1 Aug 2001,27.22351
5.5,0000 1 Aug 2001,27.15891
6.5,0000 1 Aug 2001,27.19555
7.5,0000 1 Aug 2001,27.51241
1.5,0000 1 Sep 2001,26.61399
2.5,0000 1 Sep 2001,26.6811
3.5,0000 1 Sep 2001,26.66713
4.5,0000 1 Sep 2001,26.58456
5.5,0000 1 Sep 2001,26.65611
6.5,0000 1 Sep 2001,27.02217
7.5,0000 1 Sep 2001,27.51408
1.5,0000 1 Oct 2001,26.42098
2.5,0000 1 Oct 2001,26.41665
3.5,0000 1 Oct 2001,26.43152
4.5,0000 1 Oct 2001,26.50778
5.5,0000 1 Oct 2001,26.81301
6.5,0000 1 Oct 2001,27.26009
7.5,0000 1 Oct 2001,27.71411
1.5,0000 1 Nov 2001,26.18597
2.5,0000 1 Nov 2001,25.95741
3.5,0000 1 Nov 2001,26.00821
4.5,0000 1 Nov 2001,26.46292
5.5,0000 1 Nov 2001,27.0348
6.5,0000 1 Nov 2001,27.45662
7.5,0000 1 Nov 2001,27.58541
1.5,0000 1 Dec 2001,26.39928
2.5,0000 1 Dec 2001,26.63453
3.5,0000 1 Dec 2001,27.05812
4.5,0000 1 Dec 2001,27.54325
5.5,0000 1 Dec 2001,27.93304
6.5,0000 1 Dec 2001,28.06873
7.5,0000 1 Dec 2001,28.01309
1.5,0000 1 Jan 2002,26.87133
2.5,0000 1 Jan 2002,27.16671
3.5,0000 1 Jan 2002,27.43723
4.5,0000 1 Jan 2002,27.58275
5.5,0000 1 Jan 2002,27.55053
6.5,0000 1 Jan 2002,27.4216
7.5,0000 1 Jan 2002,27.29392
1.5,0000 1 Feb 2002,27.60715
2.5,0000 1 Feb 2002,28.21676
3.5,0000 1 Feb 2002,28.64705
4.5,0000 1 Feb 2002,28.74876
5.5,0000 1 Feb 2002,28.61087
6.5,0000 1 Feb 2002,28.48187
7.5,0000 1 Feb 2002,28.55441
1.5,0000 1 Mar 2002,28.05482
2.5,0000 1 Mar 2002,28.50113
3.5,0000 1 Mar 2002,28.6382
4.5,0000 1 Mar 2002,28.46588
5.5,0000 1 Mar 2002,28.26938
6.5,0000 1 Mar 2002,28.23443
7.5,0000 1 Mar 2002,28.4611
1.5,0000 1 Apr 2002,28.51637
2.5,0000 1 Apr 2002,28.45882
3.5,0000 1 Apr 2002,28.03181
4.5,0000 1 Apr 2002,27.62406
5.5,0000 1 Apr 2002,27.57979
6.5,0000 1 Apr 2002,27.86705
7.5,0000 1 Apr 2002,28.09828
1.5,0000 1 May 2002,28.0846
2.5,0000 1 May 2002,27.94577
3.5,0000 1 May 2002,27.88374
4.5,0000 1 May 2002,28.07709
5.5,0000 1 May 2002,28.39288
6.5,0000 1 May 2002,28.66949
7.5,0000 1 May 2002,28.71511
1.5,0000 1 Jun 2002,28.2036
2.5,0000 1 Jun 2002,28.21362
3.5,0000 1 Jun 2002,28.49855
4.5,0000 1 Jun 2002,28.87281
5.5,0000 1 Jun 2002,29.26262
6.5,0000 1 Jun 2002,29.44776
7.5,0000 1 Jun 2002,29.39752
1.5,0000 1 Jul 2002,28.13662
2.5,0000 1 Jul 2002,28.48831
3.5,0000 1 Jul 2002,29.0057
4.5,0000 1 Jul 2002,29.48685
5.5,0000 1 Jul 2002,29.686
6.5,0000 1 Jul 2002,29.68792
7.5,0000 1 Jul 2002,29.67234
1.5,0000 1 Aug 2002,27.72722
2.5,0000 1 Aug 2002,27.96751
3.5,0000 1 Aug 2002,28.36667
4.5,0000 1 Aug 2002,28.57289
5.5,0000 1 Aug 2002,28.63102
6.5,0000 1 Aug 2002,28.56309
7.5,0000 1 Aug 2002,28.64519
1.5,0000 1 Sep 2002,27.76301
2.5,0000 1 Sep 2002,27.90811
3.5,0000 1 Sep 2002,27.94736
4.5,0000 1 Sep 2002,27.85527
5.5,0000 1 Sep 2002,27.74776
6.5,0000 1 Sep 2002,27.7934
7.5,0000 1 Sep 2002,27.86312
1.5,0000 1 Oct 2002,28.15039
2.5,0000 1 Oct 2002,28.18803
3.5,0000 1 Oct 2002,28.1377
4.5,0000 1 Oct 2002,28.10024
5.5,0000 1 Oct 2002,28.21497
6.5,0000 1 Oct 2002,28.41779
7.5,0000 1 Oct 2002,28.55445
1.5,0000 1 Nov 2002,28.25346
2.5,0000 1 Nov 2002,28.12534
3.5,0000 1 Nov 2002,27.92231
4.5,0000 1 Nov 2002,27.86636
5.5,0000 1 Nov 2002,27.88914
6.5,0000 1 Nov 2002,27.85828
7.5,0000 1 Nov 2002,27.60497
1.5,0000 1 Dec 2002,27.95847
2.5,0000 1 Dec 2002,27.87268
3.5,0000 1 Dec 2002,27.90033
4.5,0000 1 Dec 2002,28.10725
5.5,0000 1 Dec 2002,28.31087
6.5,0000 1 Dec 2002,28.26843
7.5,0000 1 Dec 2002,27.82735
1.5,0000 1 Jan 2003,27.49424
2.5,0000 1 Jan 2003,27.50454
3.5,0000 1 Jan 2003,27.74804
4.5,0000 1 Jan 2003,27.96398
5.5,0000 1 Jan 2003,27.81081
6.5,0000 1 Jan 2003,27.43928
7.5,0000 1 Jan 2003,27.06935
1.5,0000 1 Feb 2003,27.42899
2.5,0000 1 Feb 2003,27.48329
3.5,0000 1 Feb 2003,27.45921
4.5,0000 1 Feb 2003,27.09595
5.5,0000 1 Feb 2003,26.59677
6.5,0000 1 Feb 2003,26.20808
7.5,0000 1 Feb 2003,26.17351
1.5,0000 1 Mar 2003,27.70005
2.5,0000 1 Mar 2003,27.46967
3.5,0000 1 Mar 2003,26.99083
4.5,0000 1 Mar 2003,26.43294
5.5,0000 1 Mar 2003,25.97831
6.5,0000 1 Mar 2003,25.81106
7.5,0000 1 Mar 2003,25.8616
1.5,0000 1 Apr 2003,27.72539
2.5,0000 1 Apr 2003,27.2866
3.5,0000 1 Apr 2003,26.75775
4.5,0000 1 Apr 2003,26.34705
5.5,0000 1 Apr 2003,26.16449
6.5,0000 1 Apr 2003,26.15128
7.5,0000 1 Apr 2003,26.13393
1.5,0000 1 May 2003,26.91182
2.5,0000 1 May 2003,26.34597
3.5,0000 1 May 2003,26.02686
4.5,0000 1 May 2003,25.98079
5.5,0000 1 May 2003,26.04851
6.5,0000 1 May 2003,26.03222
7.5,0000 1 May 2003,25.83726
1.5,0000 1 Jun 2003,26.52723
2.5,0000 1 Jun 2003,26.09451
3.5,0000 1 Jun 2003,25.79339
4.5,0000 1 Jun 2003,25.62421
5.5,0000 1 Jun 2003,25.58101
6.5,0000 1 Jun 2003,25.54642
7.5,0000 1 Jun 2003,25.4549
1.5,0000 1 Jul 2003,26.83544
2.5,0000 1 Jul 2003,26.64602
3.5,0000 1 Jul 2003,26.73905
4.5,0000 1 Jul 2003,26.87285
5.5,0000 1 Jul 2003,26.82312
6.5,0000 1 Jul 2003,26.6699
7.5,0000 1 Jul 2003,26.69316
1.5,0000 1 Aug 2003,26.33548
2.5,0000 1 Aug 2003,26.35575
3.5,0000 1 Aug 2003,26.50712
4.5,0000 1 Aug 2003,26.4587
5.5,0000 1 Aug 2003,26.28453
6.5,0000 1 Aug 2003,26.27261
7.5,0000 1 Aug 2003,26.55362
1.5,0000 1 Sep 2003,26.79137
2.5,0000 1 Sep 2003,26.84146
3.5,0000 1 Sep 2003,26.73414
4.5,0000 1 Sep 2003,26.50105
5.5,0000 1 Sep 2003,26.35182
6.5,0000 1 Sep 2003,26.44441
7.5,0000 1 Sep 2003,26.73879
1.5,0000 1 Oct 2003,26.54908
2.5,0000 1 Oct 2003,26.21911
3.5,0000 1 Oct 2003,25.85767
4.5,0000 1 Oct 2003,25.73485
5.5,0000 1 Oct 2003,25.9836
6.5,0000 1 Oct 2003,26.35905
7.5,0000 1 Oct 2003,26.60544
1.5,0000 1 Nov 2003,26.86175
2.5,0000 1 Nov 2003,26.58762
3.5,0000 1 Nov 2003,26.32156
4.5,0000 1 Nov 2003,26.26405
5.5,0000 1 Nov 2003,26.39367
6.5,0000 1 Nov 2003,26.53614
7.5,0000 1 Nov 2003,26.60234
1.5,0000 1 Dec 2003,26.65281
2.5,0000 1 Dec 2003,26.43204
3.5,0000 1 Dec 2003,26.33846
4.5,0000 1 Dec 2003,26.41283
5.5,0000 1 Dec 2003,26.47267
6.5,0000 1 Dec 2003,26.52073
7.5,0000 1 Dec 2003,26.43325
1.5,0000 1 Jan 2004,27.24616
2.5,0000 1 Jan 2004,27.54221
3.5,0000 1 Jan 2004,27.80489
4.5,0000 1 Jan 2004,27.89796
5.5,0000 1 Jan 2004,27.72741
6.5,0000 1 Jan 2004,27.28712
7.5,0000 1 Jan 2004,26.90732
1.5,0000 1 Feb 2004,27.55065
2.5,0000 1 Feb 2004,28.03859
3.5,0000 1 Feb 2004,28.21683
4.5,0000 1 Feb 2004,28.01387
5.5,0000 1 Feb 2004,27.62981
6.5,0000 1 Feb 2004,27.38387
7.5,0000 1 Feb 2004,27.43285
1.5,0000 1 Mar 2004,28.1687
2.5,0000 1 Mar 2004,28.46647
3.5,0000 1 Mar 2004,28.36088
4.5,0000 1 Mar 2004,28.15639
5.5,0000 1 Mar 2004,27.98209
6.5,0000 1 Mar 2004,28.04829
7.5,0000 1 Mar 2004,28.20197
1.5,0000 1 Apr 2004,28.16253
2.5,0000 1 Apr 2004,28.15936
3.5,0000 1 Apr 2004,28.01226
4.5,0000 1 Apr 2004,27.90762
5.5,0000 1 Apr 2004,27.93158
6.5,0000 1 Apr 2004,28.09877
7.5,0000 1 Apr 2004,28.22605
1.5,0000 1 May 2004,28.00102
2.5,0000 1 May 2004,27.86981
3.5,0000 1 May 2004,27.80584
4.5,0000 1 May 2004,27.96216
5.5,0000 1 May 2004,28.25542
6.5,0000 1 May 2004,28.5375
7.5,0000 1 May 2004,28.52931
1.5,0000 1 Jun 2004,27.74098
2.5,0000 1 Jun 2004,27.65217
3.5,0000 1 Jun 2004,27.70293
4.5,0000 1 Jun 2004,27.91079
5.5,0000 1 Jun 2004,28.14685
6.5,0000 1 Jun 2004,28.29408
7.5,0000 1 Jun 2004,28.20717
1.5,0000 1 Jul 2004,27.29768
2.5,0000 1 Jul 2004,27.39492
3.5,0000 1 Jul 2004,27.61229
4.5,0000 1 Jul 2004,27.81528
5.5,0000 1 Jul 2004,27.86084
6.5,0000 1 Jul 2004,27.68401
7.5,0000 1 Jul 2004,27.5483
1.5,0000 1 Aug 2004,27.40653
2.5,0000 1 Aug 2004,27.55656
3.5,0000 1 Aug 2004,27.77942
4.5,0000 1 Aug 2004,27.80967
5.5,0000 1 Aug 2004,27.66692
6.5,0000 1 Aug 2004,27.58541
7.5,0000 1 Aug 2004,27.59856
1.5,0000 1 Sep 2004,27.25412
2.5,0000 1 Sep 2004,27.23144
3.5,0000 1 Sep 2004,27.05832
4.5,0000 1 Sep 2004,26.78401
5.5,0000 1 Sep 2004,26.60764
6.5,0000 1 Sep 2004,26.68879
7.5,0000 1 Sep 2004,26.88225
1.5,0000 1 Oct 2004,27.18826
2.5,0000 1 Oct 2004,26.96137
3.5,0000 1 Oct 2004,26.62312
4.5,0000 1 Oct 2004,26.43686
5.5,0000 1 Oct 2004,26.59161
6.5,0000 1 Oct 2004,26.94099
7.5,0000 1 Oct 2004,27.14709
1.5,0000 1 Nov 2004,27.22397
2.5,0000 1 Nov 2004,27.06861
3.5,0000 1 Nov 2004,27.01077
4.5,0000 1 Nov 2004,27.17912
5.5,0000 1 Nov 2004,27.48403
6.5,0000 1 Nov 2004,27.74025
7.5,0000 1 Nov 2004,27.76663
1.5,0000 1 Dec 2004,26.9704
2.5,0000 1 Dec 2004,26.78407
3.5,0000 1 Dec 2004,26.83991
4.5,0000 1 Dec 2004,27.06561
5.5,0000 1 Dec 2004,27.28838
6.5,0000 1 Dec 2004,27.32658
7.5,0000 1 Dec 2004,27.14749
1.5,0000 1 Jan 2005,27.27597
2.5,0000 1 Jan 2005,27.52103
3.5,0000 1 Jan 2005,27.80804
4.5,0000 1 Jan 2005,27.99531
5.5,0000 1 Jan 2005,27.89542
6.5,0000 1 Jan 2005,27.57246
7.5,0000 1 Jan 2005,27.21246
1.5,0000 1 Feb 2005,27.48923
2.5,0000 1 Feb 2005,27.84514
3.5,0000 1 Feb 2005,28.04606
4.5,0000 1 Feb 2005,27.88128
5.5,0000 1 Feb 2005,27.44323
6.5,0000 1 Feb 2005,27.04114
7.5,0000 1 Feb 2005,26.94984
1.5,0000 1 Mar 2005,28.44074
2.5,0000 1 Mar 2005,28.85556
3.5,0000 1 Mar 2005,28.84596
4.5,0000 1 Mar 2005,28.47534
5.5,0000 1 Mar 2005,28.07497
6.5,0000 1 Mar 2005,27.94161
7.5,0000 1 Mar 2005,27.99385
1.5,0000 1 Apr 2005,28.38401
2.5,0000 1 Apr 2005,28.26169
3.5,0000 1 Apr 2005,27.78499
4.5,0000 1 Apr 2005,27.33765
5.5,0000 1 Apr 2005,27.15377
6.5,0000 1 Apr 2005,27.21966
7.5,0000 1 Apr 2005,27.20596
1.5,0000 1 May 2005,28.27704
2.5,0000 1 May 2005,27.99902
3.5,0000 1 May 2005,27.59386
4.5,0000 1 May 2005,27.3915
5.5,0000 1 May 2005,27.37098
6.5,0000 1 May 2005,27.36031
7.5,0000 1 May 2005,27.01286
1.5,0000 1 Jun 2005,27.49156
2.5,0000 1 Jun 2005,27.11007
3.5,0000 1 Jun 2005,26.87628
4.5,0000 1 Jun 2005,26.72919
5.5,0000 1 Jun 2005,26.59896
6.5,0000 1 Jun 2005,26.33889
7.5,0000 1 Jun 2005,25.98985
1.5,0000 1 Jul 2005,26.75214
2.5,0000 1 Jul 2005,26.55429
3.5,0000 1 Jul 2005,26.58984
4.5,0000 1 Jul 2005,26.49417
5.5,0000 1 Jul 2005,26.1952
6.5,0000 1 Jul 2005,25.75997
7.5,0000 1 Jul 2005,25.53049
1.5,0000 1 Aug 2005,26.39694
2.5,0000 1 Aug 2005,26.48287
3.5,0000 1 Aug 2005,26.53778
4.5,0000 1 Aug 2005,26.32848
5.5,0000 1 Aug 2005,26.04741
6.5,0000 1 Aug 2005,25.95075
7.5,0000 1 Aug 2005,26.19971
1.5,0000 1 Sep 2005,26.62686
2.5,0000 1 Sep 2005,26.69522
3.5,0000 1 Sep 2005,26.5872
4.5,0000 1 Sep 2005,26.41425
5.5,0000 1 Sep 2005,26.422
6.5,0000 1 Sep 2005,26.73271
7.5,0000 1 Sep 2005,27.14439
1.5,0000 1 Oct 2005,26.24618
2.5,0000 1 Oct 2005,25.87031
3.5,0000 1 Oct 2005,25.54218
4.5,0000 1 Oct 2005,25.49994
5.5,0000 1 Oct 2005,25.79388
6.5,0000 1 Oct 2005,26.29305
7.5,0000 1 Oct 2005,26.67826
1.5,0000 1 Nov 2005,25.81722
2.5,0000 1 Nov 2005,25.46859
3.5,0000 1 Nov 2005,25.45193
4.5,0000 1 Nov 2005,25.82273
5.5,0000 1 Nov 2005,26.35689
6.5,0000 1 Nov 2005,26.73955
7.5,0000 1 Nov 2005,26.83656
1.5,0000 1 Dec 2005,25.49713
2.5,0000 1 Dec 2005,25.49037
3.5,0000 1 Dec 2005,25.92366
4.5,0000 1 Dec 2005,26.52367
5.5,0000 1 Dec 2005,27.03642
6.5,0000 1 Dec 2005,27.3013
7.5,0000 1 Dec 2005,27.42784
1.5,0000 1 Jan 2006,25.76719
2.5,0000 1 Jan 2006,26.25215
3.5,0000 1 Jan 2006,26.85909
4.5,0000 1 Jan 2006,27.30736
5.5,0000 1 Jan 2006,27.42206
6.5,0000 1 Jan 2006,27.3939
7.5,0000 1 Jan 2006,27.3768
1.5,0000 1 Feb 2006,26.33516
2.5,0000 1 Feb 2006,26.8134
3.5,0000 1 Feb 2006,27.19844
4.5,0000 1 Feb 2006,27.41977
5.5,0000 1 Feb 2006,27.41831
6.5,0000 1 Feb 2006,27.31623
7.5,0000 1 Feb 2006,27.28795
1.5,0000 1 Mar 2006,27.11243
2.5,0000 1 Mar 2006,27.41239
3.5,0000 1 Mar 2006,27.44598
4.5,0000 1 Mar 2006,27.28387
5.5,0000 1 Mar 2006,27.16609
6.5,0000 1 Mar 2006,27.25324
7.5,0000 1 Mar 2006,27.46478
1.5,0000 1 Apr 2006,27.96454
2.5,0000 1 Apr 2006,28.00606
3.5,0000 1 Apr 2006,27.715
4.5,0000 1 Apr 2006,27.42437
5.5,0000 1 Apr 2006,27.47985
6.5,0000 1 Apr 2006,27.83059
7.5,0000 1 Apr 2006,28.19634
1.5,0000 1 May 2006,27.63549
2.5,0000 1 May 2006,27.36925
3.5,0000 1 May 2006,27.11565
4.5,0000 1 May 2006,27.06574
5.5,0000 1 May 2006,27.11887
6.5,0000 1 May 2006,27.19333
7.5,0000 1 May 2006,27.0444
1.5,0000 1 Jun 2006,27.53627
2.5,0000 1 Jun 2006,27.29855
3.5,0000 1 Jun 2006,27.32498
4.5,0000 1 Jun 2006,27.52147
5.5,0000 1 Jun 2006,27.68326
6.5,0000 1 Jun 2006,27.59738
7.5,0000 1 Jun 2006,27.34556
1.5,0000 1 Jul 2006,26.86157
2.5,0000 1 Jul 2006,26.72659
3.5,0000 1 Jul 2006,26.826
4.5,0000 1 Jul 2006,26.92923
5.5,0000 1 Jul 2006,26.77825
6.5,0000 1 Jul 2006,26.38302
7.5,0000 1 Jul 2006,26.09741
1.5,0000 1 Aug 2006,26.81186
2.5,0000 1 Aug 2006,26.82221
3.5,0000 1 Aug 2006,26.93815
4.5,0000 1 Aug 2006,26.80779
5.5,0000 1 Aug 2006,26.5025
6.5,0000 1 Aug 2006,26.2697
7.5,0000 1 Aug 2006,26.33148
1.5,0000 1 Sep 2006,27.23612
2.5,0000 1 Sep 2006,27.33252
3.5,0000 1 Sep 2006,27.32424
4.5,0000 1 Sep 2006,27.11267
5.5,0000 1 Sep 2006,26.88354
6.5,0000 1 Sep 2006,26.8277
7.5,0000 1 Sep 2006,26.87311
1.5,0000 1 Oct 2006,27.73475
2.5,0000 1 Oct 2006,27.74053
3.5,0000 1 Oct 2006,27.51809
4.5,0000 1 Oct 2006,27.29539
5.5,0000 1 Oct 2006,27.28659
6.5,0000 1 Oct 2006,27.3226
7.5,0000 1 Oct 2006,27.27423
1.5,0000 1 Nov 2006,27.74328
2.5,0000 1 Nov 2006,27.6311
3.5,0000 1 Nov 2006,27.5386
4.5,0000 1 Nov 2006,27.6165
5.5,0000 1 Nov 2006,27.7757
6.5,0000 1 Nov 2006,27.83892
7.5,0000 1 Nov 2006,27.60066
1.5,0000 1 Dec 2006,27.69913
2.5,0000 1 Dec 2006,27.51646
3.5,0000 1 Dec 2006,27.47125
4.5,0000 1 Dec 2006,27.49967
5.5,0000 1 Dec 2006,27.52437
6.5,0000 1 Dec 2006,27.31408
7.5,0000 1 Dec 2006,26.93841
1.5,0000 1 Jan 2007,26.9604
2.5,0000 1 Jan 2007,26.93822
3.5,0000 1 Jan 2007,27.18404
4.5,0000 1 Jan 2007,27.42805
5.5,0000 1 Jan 2007,27.45983
6.5,0000 1 Jan 2007,27.28174
7.5,0000 1 Jan 2007,26.9312
1.5,0000 1 Feb 2007,27.38078
2.5,0000 1 Feb 2007,27.57554
3.5,0000 1 Feb 2007,27.58516
4.5,0000 1 Feb 2007,27.1754
5.5,0000 1 Feb 2007,26.54925
6.5,0000 1 Feb 2007,26.02615
7.5,0000 1 Feb 2007,25.83986
1.5,0000 1 Mar 2007,27.26216
2.5,0000 1 Mar 2007,27.25638
3.5,0000 1 Mar 2007,26.89606
4.5,0000 1 Mar 2007,26.26714
5.5,0000 1 Mar 2007,25.71839
6.5,0000 1 Mar 2007,25.52414
7.5,0000 1 Mar 2007,25.64872
1.5,0000 1 Apr 2007,27.57867
2.5,0000 1 Apr 2007,27.21986
3.5,0000 1 Apr 2007,26.58409
4.5,0000 1 Apr 2007,26.06032
5.5,0000 1 Apr 2007,25.90882
6.5,0000 1 Apr 2007,26.03963
7.5,0000 1 Apr 2007,26.12463
1.5,0000 1 May 2007,27.38041
2.5,0000 1 May 2007,26.88644
3.5,0000 1 May 2007,26.37718
4.5,0000 1 May 2007,26.12967
5.5,0000 1 May 2007,26.00937
6.5,0000 1 May 2007,25.93686
7.5,0000 1 May 2007,25.71702
1.5,0000 1 Jun 2007,26.40983
2.5,0000 1 Jun 2007,25.70638
3.5,0000 1 Jun 2007,25.2925
4.5,0000 1 Jun 2007,25.16449
5.5,0000 1 Jun 2007,25.06219
6.5,0000 1 Jun 2007,24.9142
7.5,0000 1 Jun 2007,24.68955
1.5,0000 1 Jul 2007,25.7585
2.5,0000 1 Jul 2007,25.29284
3.5,0000 1 Jul 2007,25.23207
4.5,0000 1 Jul 2007,25.22222
5.5,0000 1 Jul 2007,25.16217
6.5,0000 1 Jul 2007,24.95052
7.5,0000 1 Jul 2007,24.85338
1.5,0000 1 Aug 2007,25.26957
2.5,0000 1 Aug 2007,25.06958
3.5,0000 1 Aug 2007,25.1432
4.5,0000 1 Aug 2007,25.0175
5.5,0000 1 Aug 2007,24.69324
6.5,0000 1 Aug 2007,24.57866
7.5,0000 1 Aug 2007,24.9586
1.5,0000 1 Sep 2007,24.74566
2.5,0000 1 Sep 2007,24.33937
3.5,0000 1 Sep 2007,24.05462
4.5,0000 1 Sep 2007,23.76691
5.5,0000 1 Sep 2007,23.83278
6.5,0000 1 Sep 2007,24.3272
7.5,0000 1 Sep 2007,25.00602
1.5,0000 1 Oct 2007,24.31394
2.5,0000 1 Oct 2007,23.93909
3.5,0000 1 Oct 2007,23.67012
4.5,0000 1 Oct 2007,23.60206
5.5,0000 1 Oct 2007,23.95436
6.5,0000 1 Oct 2007,24.524
7.5,0000 1 Oct 2007,25.11234
1.5,0000 1 Nov 2007,24.40777
2.5,0000 1 Nov 2007,24.00362
3.5,0000 1 Nov 2007,23.95961
4.5,0000 1 Nov 2007,24.4495
5.5,0000 1 Nov 2007,25.13893
6.5,0000 1 Nov 2007,25.6894
7.5,0000 1 Nov 2007,25.96978
1.5,0000 1 Dec 2007,23.88295
2.5,0000 1 Dec 2007,23.56713
3.5,0000 1 Dec 2007,23.81622
4.5,0000 1 Dec 2007,24.38714
5.5,0000 1 Dec 2007,24.93168
6.5,0000 1 Dec 2007,25.22431
7.5,0000 1 Dec 2007,25.37774
1.5,0000 1 Jan 2008,24.42987
2.5,0000 1 Jan 2008,24.54673
3.5,0000 1 Jan 2008,25.07577
4.5,0000 1 Jan 2008,25.56115
5.5,0000 1 Jan 2008,25.82927
6.5,0000 1 Jan 2008,25.90127
7.5,0000 1 Jan 2008,26.03492
1.5,0000 1 Feb 2008,25.37756
2.5,0000 1 Feb 2008,25.88978
3.5,0000 1 Feb 2008,26.2331
4.5,0000 1 Feb 2008,26.37004
5.5,0000 1 Feb 2008,26.21992
6.5,0000 1 Feb 2008,26.00833
7.5,0000 1 Feb 2008,25.94692
1.5,0000 1 Mar 2008,26.54638
2.5,0000 1 Mar 2008,26.93501
3.5,0000 1 Mar 2008,26.96927
4.5,0000 1 Mar 2008,26.70242
5.5,0000 1 Mar 2008,26.45044
6.5,0000 1 Mar 2008,26.39485
7.5,0000 1 Mar 2008,26.51943
1.5,0000 1 Apr 2008,27.11376
2.5,0000 1 Apr 2008,27.10771
3.5,0000 1 Apr 2008,26.76719
4.5,0000 1 Apr 2008,26.43328
5.5,0000 1 Apr 2008,26.30712
6.5,0000 1 Apr 2008,26.40379
7.5,0000 1 Apr 2008,26.46518
1.5,0000 1 May 2008,27.15454
2.5,0000 1 May 2008,26.91113
3.5,0000 1 May 2008,26.67489
4.5,0000 1 May 2008,26.5922
5.5,0000 1 May 2008,26.64567
6.5,0000 1 May 2008,26.64749
7.5,0000 1 May 2008,26.43995
1.5,0000 1 Jun 2008,27.0639
2.5,0000 1 Jun 2008,26.85831
3.5,0000 1 Jun 2008,26.66767
4.5,0000 1 Jun 2008,26.60453
5.5,0000 1 Jun 2008,26.52332
6.5,0000 1 Jun 2008,26.27889
7.5,0000 1 Jun 2008,25.90872
1.5,0000 1 Jul 2008,26.70275
2.5,0000 1 Jul 2008,26.51062
3.5,0000 1 Jul 2008,26.49921
4.5,0000 1 Jul 2008,26.48042
5.5,0000 1 Jul 2008,26.26477
6.5,0000 1 Jul 2008,25.91222
7.5,0000 1 Jul 2008,25.74854
1.5,0000 1 Aug 2008,26.20533
2.5,0000 1 Aug 2008,26.07016
3.5,0000 1 Aug 2008,26.08642
4.5,0000 1 Aug 2008,25.88952
5.5,0000 1 Aug 2008,25.59437
6.5,0000 1 Aug 2008,25.55334
7.5,0000 1 Aug 2008,25.95803
1.5,0000 1 Sep 2008,26.37083
2.5,0000 1 Sep 2008,26.35223
3.5,0000 1 Sep 2008,26.12007
4.5,0000 1 Sep 2008,25.74758
5.5,0000 1 Sep 2008,25.61402
6.5,0000 1 Sep 2008,25.87434
7.5,0000 1 Sep 2008,26.39119
1.5,0000 1 Oct 2008,25.99117
2.5,0000 1 Oct 2008,25.654
3.5,0000 1 Oct 2008,25.22998
4.5,0000 1 Oct 2008,25.10016
5.5,0000 1 Oct 2008,25.39251
6.5,0000 1 Oct 2008,25.92793
7.5,0000 1 Oct 2008,26.33532
1.5,0000 1 Nov 2008,25.481
2.5,0000 1 Nov 2008,24.89429
3.5,0000 1 Nov 2008,24.66342
4.5,0000 1 Nov 2008,25.05556
5.5,0000 1 Nov 2008,25.74905
6.5,0000 1 Nov 2008,26.3599
7.5,0000 1 Nov 2008,26.65189
1.5,0000 1 Dec 2008,25.20936
2.5,0000 1 Dec 2008,24.99168
3.5,0000 1 Dec 2008,25.32858
4.5,0000 1 Dec 2008,25.95236
5.5,0000 1 Dec 2008,26.50181
6.5,0000 1 Dec 2008,26.82959
7.5,0000 1 Dec 2008,26.9437
1.5,0000 1 Jan 2009,25.72419
2.5,0000 1 Jan 2009,26.22968
3.5,0000 1 Jan 2009,26.85723
4.5,0000 1 Jan 2009,27.32226
5.5,0000 1 Jan 2009,27.56536
6.5,0000 1 Jan 2009,27.70013
7.5,0000 1 Jan 2009,27.85802
1.5,0000 1 Feb 2009,26.35305
2.5,0000 1 Feb 2009,26.82569
3.5,0000 1 Feb 2009,27.28378
4.5,0000 1 Feb 2009,27.48846
5.5,0000 1 Feb 2009,27.41307
6.5,0000 1 Feb 2009,27.28724
7.5,0000 1 Feb 2009,27.35373
1.5,0000 1 Mar 2009,27.17236
2.5,0000 1 Mar 2009,27.51414
3.5,0000 1 Mar 2009,27.64224
4.5,0000 1 Mar 2009,27.51906
5.5,0000 1 Mar 2009,27.31379
6.5,0000 1 Mar 2009,27.285
7.5,0000 1 Mar 2009,27.46913
1.5,0000 1 Apr 2009,27.69385
2.5,0000 1 Apr 2009,27.72472
3.5,0000 1 Apr 2009,27.49281
4.5,0000 1 Apr 2009,27.32533
5.5,0000 1 Apr 2009,27.3712
6.5,0000 1 Apr 2009,27.642
7.5,0000 1 Apr 2009,27.92622
1.5,0000 1 May 2009,28.00509
2.5,0000 1 May 2009,27.83276
3.5,0000 1 May 2009,27.71009
4.5,0000 1 May 2009,27.8486
5.5,0000 1 May 2009,28.14798
6.5,0000 1 May 2009,28.43595
7.5,0000 1 May 2009,28.46746
1.5,0000 1 Jun 2009,27.88525
2.5,0000 1 Jun 2009,27.73749
3.5,0000 1 Jun 2009,27.8209
4.5,0000 1 Jun 2009,28.09722
5.5,0000 1 Jun 2009,28.36572
6.5,0000 1 Jun 2009,28.41799
7.5,0000 1 Jun 2009,28.31873
1.5,0000 1 Jul 2009,27.97205
2.5,0000 1 Jul 2009,28.01858
3.5,0000 1 Jul 2009,28.33259
4.5,0000 1 Jul 2009,28.71616
5.5,0000 1 Jul 2009,28.94318
6.5,0000 1 Jul 2009,28.93945
7.5,0000 1 Jul 2009,28.97438
1.5,0000 1 Aug 2009,27.73229
2.5,0000 1 Aug 2009,27.95763
3.5,0000 1 Aug 2009,28.20558
4.5,0000 1 Aug 2009,28.32018
5.5,0000 1 Aug 2009,28.25084
6.5,0000 1 Aug 2009,28.20037
7.5,0000 1 Aug 2009,28.28619
1.5,0000 1 Sep 2009,27.74364
2.5,0000 1 Sep 2009,27.95722
3.5,0000 1 Sep 2009,28.02046
4.5,0000 1 Sep 2009,27.87774
5.5,0000 1 Sep 2009,27.75122
6.5,0000 1 Sep 2009,27.87282
7.5,0000 1 Sep 2009,28.14857
1.5,0000 1 Oct 2009,27.60658
2.5,0000 1 Oct 2009,27.50731
3.5,0000 1 Oct 2009,27.14579
4.5,0000 1 Oct 2009,26.80302
5.5,0000 1 Oct 2009,26.77905
6.5,0000 1 Oct 2009,27.01511
7.5,0000 1 Oct 2009,27.26492
1.5,0000 1 Nov 2009,27.92366
2.5,0000 1 Nov 2009,27.58603
3.5,0000 1 Nov 2009,27.23834
4.5,0000 1 Nov 2009,27.22108
5.5,0000 1 Nov 2009,27.43784
6.5,0000 1 Nov 2009,27.62265
7.5,0000 1 Nov 2009,27.58882
1.5,0000 1 Dec 2009,28.16855
2.5,0000 1 Dec 2009,28.09797
3.5,0000 1 Dec 2009,28.11674
4.5,0000 1 Dec 2009,28.23365
5.5,0000 1 Dec 2009,28.34281
6.5,0000 1 Dec 2009,28.16928
7.5,0000 1 Dec 2009,27.7245
1.5,0000 1 Jan 2010,28.09688
2.5,0000 1 Jan 2010,28.1235
3.5,0000 1 Jan 2010,28.29929
4.5,0000 1 Jan 2010,28.37576
5.5,0000 1 Jan 2010,28.0959
6.5,0000 1 Jan 2010,27.53904
7.5,0000 1 Jan 2010,26.95225
1.5,0000 1 Feb 2010,28.48579
2.5,0000 1 Feb 2010,28.66027
3.5,0000 1 Feb 2010,28.49989
4.5,0000 1 Feb 2010,27.84264
5.5,0000 1 Feb 2010,26.96962
6.5,0000 1 Feb 2010,26.16641
7.5,0000 1 Feb 2010,25.65549
1.5,0000 1 Mar 2010,28.75199
2.5,0000 1 Mar 2010,28.53277
3.5,0000 1 Mar 2010,27.89687
4.5,0000 1 Mar 2010,27.10015
5.5,0000 1 Mar 2010,26.45094
6.5,0000 1 Mar 2010,26.076
7.5,0000 1 Mar 2010,25.91282
1.5,0000 1 Apr 2010,28.29851
2.5,0000 1 Apr 2010,27.66809
3.5,0000 1 Apr 2010,26.84647
4.5,0000 1 Apr 2010,26.18147
5.5,0000 1 Apr 2010,25.70859
6.5,0000 1 Apr 2010,25.40835
7.5,0000 1 Apr 2010,25.19524
1.5,0000 1 May 2010,27.4289
2.5,0000 1 May 2010,26.58563
3.5,0000 1 May 2010,25.92788
4.5,0000 1 May 2010,25.56137
5.5,0000 1 May 2010,25.38672
6.5,0000 1 May 2010,25.18566
7.5,0000 1 May 2010,24.84776
1.5,0000 1 Jun 2010,26.03501
2.5,0000 1 Jun 2010,25.32123
3.5,0000 1 Jun 2010,24.82367
4.5,0000 1 Jun 2010,24.59027
5.5,0000 1 Jun 2010,24.34363
6.5,0000 1 Jun 2010,24.01751
7.5,0000 1 Jun 2010,23.66939
1.5,0000 1 Jul 2010,24.78402
2.5,0000 1 Jul 2010,24.16527
3.5,0000 1 Jul 2010,23.99814
4.5,0000 1 Jul 2010,23.96136
5.5,0000 1 Jul 2010,23.86083
6.5,0000 1 Jul 2010,23.80979
7.5,0000 1 Jul 2010,24.01086
1.5,0000 1 Aug 2010,24.21424
2.5,0000 1 Aug 2010,23.63767
3.5,0000 1 Aug 2010,23.43907
4.5,0000 1 Aug 2010,23.34165
5.5,0000 1 Aug 2010,23.3402
6.5,0000 1 Aug 2010,23.58271
7.5,0000 1 Aug 2010,24.1553
1.5,0000 1 Sep 2010,24.28581
2.5,0000 1 Sep 2010,23.9189
3.5,0000 1 Sep 2010,23.73799
4.5,0000 1 Sep 2010,23.72279
5.5,0000 1 Sep 2010,24.03598
6.5,0000 1 Sep 2010,24.59744
7.5,0000 1 Sep 2010,25.28692
1.5,0000 1 Oct 2010,24.04972
2.5,0000 1 Oct 2010,23.69695
3.5,0000 1 Oct 2010,23.68438
4.5,0000 1 Oct 2010,23.99814
5.5,0000 1 Oct 2010,24.5355
6.5,0000 1 Oct 2010,25.17117
7.5,0000 1 Oct 2010,25.68723
1.5,0000 1 Nov 2010,23.75747
2.5,0000 1 Nov 2010,23.28412
3.5,0000 1 Nov 2010,23.35726
4.5,0000 1 Nov 2010,23.94374
5.5,0000 1 Nov 2010,24.69597
6.5,0000 1 Nov 2010,25.2883
7.5,0000 1 Nov 2010,25.68127
1.5,0000 1 Dec 2010,24.19246
2.5,0000 1 Dec 2010,23.95437
3.5,0000 1 Dec 2010,24.2651
4.5,0000 1 Dec 2010,24.91513
5.5,0000 1 Dec 2010,25.45676
6.5,0000 1 Dec 2010,25.80148
7.5,0000 1 Dec 2010,26.02335
1.5,0000 1 Jan 2011,24.61712
2.5,0000 1 Jan 2011,25.19157
3.5,0000 1 Jan 2011,25.97718
4.5,0000 1 Jan 2011,26.53078
5.5,0000 1 Jan 2011,26.8138
6.5,0000 1 Jan 2011,26.92025
7.5,0000 1 Jan 2011,27.00993
1.5,0000 1 Feb 2011,26.03056
2.5,0000 1 Feb 2011,26.69649
3.5,0000 1 Feb 2011,27.08678
4.5,0000 1 Feb 2011,27.1253
5.5,0000 1 Feb 2011,26.93734
6.5,0000 1 Feb 2011,26.75224
7.5,0000 1 Feb 2011,26.73687
1.5,0000 1 Mar 2011,27.04366
2.5,0000 1 Mar 2011,27.52519
3.5,0000 1 Mar 2011,27.69623
4.5,0000 1 Mar 2011,27.62058
5.5,0000 1 Mar 2011,27.47101
6.5,0000 1 Mar 2011,27.52432
7.5,0000 1 Mar 2011,27.74053
1.5,0000 1 Apr 2011,27.63685
2.5,0000 1 Apr 2011,27.76094
3.5,0000 1 Apr 2011,27.64002
4.5,0000 1 Apr 2011,27.52847
5.5,0000 1 Apr 2011,27.60682
6.5,0000 1 Apr 2011,27.82145
7.5,0000 1 Apr 2011,27.9619
1.5,0000 1 May 2011,27.60944
2.5,0000 1 May 2011,27.40154
3.5,0000 1 May 2011,27.08787
4.5,0000 1 May 2011,26.88929
5.5,0000 1 May 2011,26.79449
6.5,0000 1 May 2011,26.68882
7.5,0000 1 May 2011,26.4326
1.5,0000 1 Jun 2011,27.4187
2.5,0000 1 Jun 2011,27.27407
3.5,0000 1 Jun 2011,27.17764
4.5,0000 1 Jun 2011,27.047
5.5,0000 1 Jun 2011,26.85379
6.5,0000 1 Jun 2011,26.47556
7.5,0000 1 Jun 2011,25.9539
1.5,0000 1 Jul 2011,26.53539
2.5,0000 1 Jul 2011,26.14484
3.5,0000 1 Jul 2011,25.96941
4.5,0000 1 Jul 2011,25.75364
5.5,0000 1 Jul 2011,25.50433
6.5,0000 1 Jul 2011,25.24437
7.5,0000 1 Jul 2011,25.29774
1.5,0000 1 Aug 2011,25.74216
2.5,0000 1 Aug 2011,25.48333
3.5,0000 1 Aug 2011,25.34089
4.5,0000 1 Aug 2011,25.08168
5.5,0000 1 Aug 2011,24.7449
6.5,0000 1 Aug 2011,24.66535
7.5,0000 1 Aug 2011,25.07702
1.5,0000 1 Sep 2011,25.24239
2.5,0000 1 Sep 2011,24.9081
3.5,0000 1 Sep 2011,24.70117
4.5,0000 1 Sep 2011,24.53991
5.5,0000 1 Sep 2011,24.61914
6.5,0000 1 Sep 2011,25.09326
7.5,0000 1 Sep 2011,25.66224
1.5,0000 1 Oct 2011,25.25673
2.5,0000 1 Oct 2011,25.00252
3.5,0000 1 Oct 2011,24.77845
4.5,0000 1 Oct 2011,24.738
5.5,0000 1 Oct 2011,25.12637
6.5,0000 1 Oct 2011,25.77308
7.5,0000 1 Oct 2011,26.37709
1.5,0000 1 Nov 2011,24.80073
2.5,0000 1 Nov 2011,24.35451
3.5,0000 1 Nov 2011,24.21267
4.5,0000 1 Nov 2011,24.69051
5.5,0000 1 Nov 2011,25.37688
6.5,0000 1 Nov 2011,25.97567
7.5,0000 1 Nov 2011,26.25468
1.5,0000 1 Dec 2011,24.88273
2.5,0000 1 Dec 2011,24.61401
3.5,0000 1 Dec 2011,24.89436
4.5,0000 1 Dec 2011,25.56044
5.5,0000 1 Dec 2011,26.19345
6.5,0000 1 Dec 2011,26.49735
7.5,0000 1 Dec 2011,26.60158
1.5,0000 1 Jan 2012,25.33537
2.5,0000 1 Jan 2012,25.66346
3.5,0000 1 Jan 2012,26.32453
4.5,0000 1 Jan 2012,26.85982
5.5,0000 1 Jan 2012,27.18935
6.5,0000 1 Jan 2012,27.32406
7.5,0000 1 Jan 2012,27.4284
1.5,0000 1 Feb 2012,26.6006
2.5,0000 1 Feb 2012,27.19718
3.5,0000 1 Feb 2012,27.59495
4.5,0000 1 Feb 2012,27.7727
5.5,0000 1 Feb 2012,27.73083
6.5,0000 1 Feb 2012,27.6848
7.5,0000 1 Feb 2012,27.73746
1.5,0000 1 Mar 2012,27.40811
2.5,0000 1 Mar 2012,27.74931
3.5,0000 1 Mar 2012,27.88722
4.5,0000 1 Mar 2012,27.81781
5.5,0000 1 Mar 2012,27.67513
6.5,0000 1 Mar 2012,27.74397
7.5,0000 1 Mar 2012,28.04906
1.5,0000 1 Apr 2012,28.098
2.5,0000 1 Apr 2012,28.42594
3.5,0000 1 Apr 2012,28.52167
4.5,0000 1 Apr 2012,28.55467
5.5,0000 1 Apr 2012,28.72569
6.5,0000 1 Apr 2012,28.98485
7.5,0000 1 Apr 2012,29.21489
1.5,0000 1 May 2012,28.09439
2.5,0000 1 May 2012,28.13497
3.5,0000 1 May 2012,28.22817
4.5,0000 1 May 2012,28.38924
5.5,0000 1 May 2012,28.72793
6.5,0000 1 May 2012,28.97234
7.5,0000 1 May 2012,29.10721
1.5,0000 1 Jun 2012,27.70277
2.5,0000 1 Jun 2012,27.64884
3.5,0000 1 Jun 2012,27.73645
4.5,0000 1 Jun 2012,28.01779
5.5,0000 1 Jun 2012,28.30655
6.5,0000 1 Jun 2012,28.39648
7.5,0000 1 Jun 2012,28.26683
1.5,0000 1 Jul 2012,27.83821
2.5,0000 1 Jul 2012,27.91321
3.5,0000 1 Jul 2012,28.04292
4.5,0000 1 Jul 2012,28.15183
5.5,0000 1 Jul 2012,27.99861
6.5,0000 1 Jul 2012,27.63692
7.5,0000 1 Jul 2012,27.43813
1.5,0000 1 Aug 2012,27.45352
2.5,0000 1 Aug 2012,27.48591
3.5,0000 1 Aug 2012,27.48912
4.5,0000 1 Aug 2012,27.28547
5.5,0000 1 Aug 2012,26.91754
6.5,0000 1 Aug 2012,26.63371
7.5,0000 1 Aug 2012,26.62001
1.5,0000 1 Sep 2012,26.93079
2.5,0000 1 Sep 2012,26.74278
3.5,0000 1 Sep 2012,26.49279
4.5,0000 1 Sep 2012,26.13541
5.5,0000 1 Sep 2012,26.01161
6.5,0000 1 Sep 2012,26.25526
7.5,0000 1 Sep 2012,26.71471
1.5,0000 1 Oct 2012,26.86165
2.5,0000 1 Oct 2012,26.63391
3.5,0000 1 Oct 2012,26.18538
4.5,0000 1 Oct 2012,25.77082
5.5,0000 1 Oct 2012,25.74069
6.5,0000 1 Oct 2012,26.09091
7.5,0000 1 Oct 2012,26.48742
1.5,0000 1 Nov 2012,26.57521
2.5,0000 1 Nov 2012,26.07697
3.5,0000 1 Nov 2012,25.70178
4.5,0000 1 Nov 2012,25.7222
5.5,0000 1 Nov 2012,25.98877
6.5,0000 1 Nov 2012,26.25689
7.5,0000 1 Nov 2012,26.3662
1.5,0000 1 Dec 2012,26.10433
2.5,0000 1 Dec 2012,25.80603
3.5,0000 1 Dec 2012,25.94391
4.5,0000 1 Dec 2012,26.27786
5.5,0000 1 Dec 2012,26.57661
6.5,0000 1 Dec 2012,26.68158
7.5,0000 1 Dec 2012,26.69893
1.5,0000 1 Jan 2013,26.32844
2.5,0000 1 Jan 2013,26.41599
3.5,0000 1 Jan 2013,26.63029
4.5,0000 1 Jan 2013,26.78999
5.5,0000 1 Jan 2013,26.8513
6.5,0000 1 Jan 2013,26.76718
7.5,0000 1 Jan 2013,26.70025
1.5,0000 1 Feb 2013,26.85906
2.5,0000 1 Feb 2013,27.35625
3.5,0000 1 Feb 2013,27.60771
4.5,0000 1 Feb 2013,27.55551
5.5,0000 1 Feb 2013,27.32117
6.5,0000 1 Feb 2013,27.0775
7.5,0000 1 Feb 2013,27.01046
1.5,0000 1 Mar 2013,27.68145
2.5,0000 1 Mar 2013,27.87515
3.5,0000 1 Mar 2013,27.7559
4.5,0000 1 Mar 2013,27.38757
5.5,0000 1 Mar 2013,27.05736
6.5,0000 1 Mar 2013,27.02837
7.5,0000 1 Mar 2013,27.18203
1.5,0000 1 Apr 2013,28.15002
2.5,0000 1 Apr 2013,27.98478
3.5,0000 1 Apr 2013,27.53694
4.5,0000 1 Apr 2013,27.11397
5.5,0000 1 Apr 2013,26.92276
6.5,0000 1 Apr 2013,26.93664
7.5,0000 1 Apr 2013,26.94446
1.5,0000 1 May 2013,27.62989
2.5,0000 1 May 2013,27.23842
3.5,0000 1 May 2013,26.92457
4.5,0000 1 May 2013,26.90289
5.5,0000 1 May 2013,27.06928
6.5,0000 1 May 2013,27.11785
7.5,0000 1 May 2013,26.83777
1.5,0000 1 Jun 2013,27.09365
2.5,0000 1 Jun 2013,26.7529
3.5,0000 1 Jun 2013,26.59221
4.5,0000 1 Jun 2013,26.5724
5.5,0000 1 Jun 2013,26.52308
6.5,0000 1 Jun 2013,26.32869
7.5,0000 1 Jun 2013,26.06268
1.5,0000 1 Jul 2013,26.54622
2.5,0000 1 Jul 2013,26.45364
3.5,0000 1 Jul 2013,26.66594
4.5,0000 1 Jul 2013,26.80341
5.5,0000 1 Jul 2013,26.67044
6.5,0000 1 Jul 2013,26.3682
7.5,0000 1 Jul 2013,26.22748
1.5,0000 1 Aug 2013,26.15696
2.5,0000 1 Aug 2013,26.05613
3.5,0000 1 Aug 2013,26.09557
4.5,0000 1 Aug 2013,25.94527
5.5,0000 1 Aug 2013,25.7414
6.5,0000 1 Aug 2013,25.70826
7.5,0000 1 Aug 2013,26.01264
1.5,0000 1 Sep 2013,26.58169
2.5,0000 1 Sep 2013,26.4052
3.5,0000 1 Sep 2013,26.08348
4.5,0000 1 Sep 2013,25.74077
5.5,0000 1 Sep 2013,25.64067
6.5,0000 1 Sep 2013,25.93148
7.5,0000 1 Sep 2013,26.30643
1.5,0000 1 Oct 2013,26.64182
2.5,0000 1 Oct 2013,26.54522
3.5,0000 1 Oct 2013,26.21985
4.5,0000 1 Oct 2013,25.91153
5.5,0000 1 Oct 2013,26.01749
6.5,0000 1 Oct 2013,26.48641
7.5,0000 1 Oct 2013,27.00258
1.5,0000 1 Nov 2013,26.5709
2.5,0000 1 Nov 2013,26.37125
3.5,0000 1 Nov 2013,26.26424
4.5,0000 1 Nov 2013,26.50921
5.5,0000 1 Nov 2013,27.02657
6.5,0000 1 Nov 2013,27.53877
7.5,0000 1 Nov 2013,27.81325
1.5,0000 1 Dec 2013,25.99996
2.5,0000 1 Dec 2013,25.7384
3.5,0000 1 Dec 2013,25.93129
4.5,0000 1 Dec 2013,26.35877
5.5,0000 1 Dec 2013,26.69376
6.5,0000 1 Dec 2013,26.80574
7.5,0000 1 Dec 2013,26.75914
1.5,0000 1 Jan 2014,26.35245
2.5,0000 1 Jan 2014,26.62103
3.5,0000 1 Jan 2014,27.07705
4.5,0000 1 Jan 2014,27.45505
5.5,0000 1 Jan 2014,27.58265
6.5,0000 1 Jan 2014,27.47405
7.5,0000 1 Jan 2014,27.29898
1.5,0000 1 Feb 2014,27.03121
2.5,0000 1 Feb 2014,27.67718
3.5,0000 1 Feb 2014,28.13666
4.5,0000 1 Feb 2014,28.28063
5.5,0000 1 Feb 2014,28.13625
6.5,0000 1 Feb 2014,28.03861
7.5,0000 1 Feb 2014,28.10673
1.5,0000 1 Mar 2014,27.86412
2.5,0000 1 Mar 2014,28.45752
3.5,0000 1 Mar 2014,28.70466
4.5,0000 1 Mar 2014,28.72588
5.5,0000 1 Mar 2014,28.77662
6.5,0000 1 Mar 2014,29.04411
7.5,0000 1 Mar 2014,29.45416
1.5,0000 1 Apr 2014,28.58255
2.5,0000 1 Apr 2014,28.81845
3.5,0000 1 Apr 2014,28.82695
4.5,0000 1 Apr 2014,28.79917
5.5,0000 1 Apr 2014,28.97837
6.5,0000 1 Apr 2014,29.34001
7.5,0000 1 Apr 2014,29.68108
1.5,0000 1 May 2014,28.36744
2.5,0000 1 May 2014,28.10581
3.5,0000 1 May 2014,27.7886
4.5,0000 1 May 2014,27.7378
5.5,0000 1 May 2014,27.86289
6.5,0000 1 May 2014,28.06958
7.5,0000 1 May 2014,28.09247
1.5,0000 1 Jun 2014,27.90862
2.5,0000 1 Jun 2014,27.68747
3.5,0000 1 Jun 2014,27.70297
4.5,0000 1 Jun 2014,27.94029
5.5,0000 1 Jun 2014,28.15731
6.5,0000 1 Jun 2014,28.1313
7.5,0000 1 Jun 2014,27.86411
1.5,0000 1 Jul 2014,27.28826
2.5,0000 1 Jul 2014,27.22816
3.5,0000 1 Jul 2014,27.38312
4.5,0000 1 Jul 2014,27.54215
5.5,0000 1 Jul 2014,27.4763
6.5,0000 1 Jul 2014,27.20708
7.5,0000 1 Jul 2014,27.06913
1.5,0000 1 Aug 2014,26.86874
2.5,0000 1 Aug 2014,27.04567
3.5,0000 1 Aug 2014,27.29723
4.5,0000 1 Aug 2014,27.32141
5.5,0000 1 Aug 2014,27.1641
6.5,0000 1 Aug 2014,27.05095
7.5,0000 1 Aug 2014,27.17321
1.5,0000 1 Sep 2014,27.34272
2.5,0000 1 Sep 2014,27.36228
3.5,0000 1 Sep 2014,27.22813
4.5,0000 1 Sep 2014,26.97464
5.5,0000 1 Sep 2014,26.78385
6.5,0000 1 Sep 2014,26.90824
7.5,0000 1 Sep 2014,27.19288
1.5,0000 1 Oct 2014,27.39415
2.5,0000 1 Oct 2014,27.34558
3.5,0000 1 Oct 2014,27.09501
4.5,0000 1 Oct 2014,26.80956
5.5,0000 1 Oct 2014,26.80108
6.5,0000 1 Oct 2014,27.02626
7.5,0000 1 Oct 2014,27.29166
1.5,0000 1 Nov 2014,27.4224
2.5,0000 1 Nov 2014,27.30803
3.5,0000 1 Nov 2014,27.19231
4.5,0000 1 Nov 2014,27.31698
5.5,0000 1 Nov 2014,27.62406
6.5,0000 1 Nov 2014,27.9396
7.5,0000 1 Nov 2014,28.03108
1.5,0000 1 Dec 2014,27.31627
2.5,0000 1 Dec 2014,27.12269
3.5,0000 1 Dec 2014,27.14238
4.5,0000 1 Dec 2014,27.35381
5.5,0000 1 Dec 2014,27.55294
6.5,0000 1 Dec 2014,27.5204
7.5,0000 1 Dec 2014,27.26335
1.5,0000 1 Jan 2015,27.31326
2.5,0000 1 Jan 2015,27.52154
3.5,0000 1 Jan 2015,27.84269
4.5,0000 1 Jan 2015,28.11447
5.5,0000 1 Jan 2015,28.1969
6.5,0000 1 Jan 2015,28.12329
7.5,0000 1 Jan 2015,28.05749
1.5,0000 1 Feb 2015,28.00731
2.5,0000 1 Feb 2015,28.60391
3.5,0000 1 Feb 2015,29.06078
4.5,0000 1 Feb 2015,29.21273
5.5,0000 1 Feb 2015,29.12143
6.5,0000 1 Feb 2015,29.02212
7.5,0000 1 Feb 2015,29.12636
1.5,0000 1 Mar 2015,28.71048
2.5,0000 1 Mar 2015,29.25054
3.5,0000 1 Mar 2015,29.56326
4.5,0000 1 Mar 2015,29.68051
5.5,0000 1 Mar 2015,29.84061
6.5,0000 1 Mar 2015,30.07676
7.5,0000 1 Mar 2015,30.42291
1.5,0000 1 Apr 2015,29.25889
2.5,0000 1 Apr 2015,29.54848
3.5,0000 1 Apr 2015,29.56646
4.5,0000 1 Apr 2015,29.56168
5.5,0000 1 Apr 2015,29.81779
6.5,0000 1 Apr 2015,30.19241
7.5,0000 1 Apr 2015,30.56335
1.5,0000 1 May 2015,29.62315
2.5,0000 1 May 2015,29.87746
3.5,0000 1 May 2015,30.04523
4.5,0000 1 May 2015,30.30864
5.5,0000 1 May 2015,30.66023
6.5,0000 1 May 2015,30.92756
7.5,0000 1 May 2015,31.03247
1.5,0000 1 Jun 2015,29.35198
2.5,0000 1 Jun 2015,29.53203
3.5,0000 1 Jun 2015,29.8886
4.5,0000 1 Jun 2015,30.31221
5.5,0000 1 Jun 2015,30.65157
6.5,0000 1 Jun 2015,30.7945
7.5,0000 1 Jun 2015,30.78683
1.5,0000 1 Jul 2015,29.17126
2.5,0000 1 Jul 2015,29.40656
3.5,0000 1 Jul 2015,29.71823
4.5,0000 1 Jul 2015,30.00641
5.5,0000 1 Jul 2015,30.13632
6.5,0000 1 Jul 2015,30.11826
7.5,0000 1 Jul 2015,30.07373
1.5,0000 1 Aug 2015,29.37514
2.5,0000 1 Aug 2015,29.68906
3.5,0000 1 Aug 2015,29.983
4.5,0000 1 Aug 2015,30.05452
5.5,0000 1 Aug 2015,30.0384
6.5,0000 1 Aug 2015,30.01634
7.5,0000 1 Aug 2015,30.11702
1.5,0000 1 Sep 2015,29.41842
2.5,0000 1 Sep 2015,29.50726
3.5,0000 1 Sep 2015,29.42389
4.5,0000 1 Sep 2015,29.27169
5.5,0000 1 Sep 2015,29.17468
6.5,0000 1 Sep 2015,29.19704
7.5,0000 1 Sep 2015,29.30244
1.5,0000 1 Oct 2015,29.71461
2.5,0000 1 Oct 2015,29.77909
3.5,0000 1 Oct 2015,29.62673
4.5,0000 1 Oct 2015,29.4598
5.5,0000 1 Oct 2015,29.33315
6.5,0000 1 Oct 2015,29.25896
7.5,0000 1 Oct 2015,29.08331
1.5,0000 1 Nov 2015,29.63739
2.5,0000 1 Nov 2015,29.29062
3.5,0000 1 Nov 2015,28.89657
4.5,0000 1 Nov 2015,28.68333
5.5,0000 1 Nov 2015,28.67803
6.5,0000 1 Nov 2015,28.59728
7.5,0000 1 Nov 2015,28.25252
1.5,0000 1 Dec 2015,29.49371
2.5,0000 1 Dec 2015,29.15851
3.5,0000 1 Dec 2015,28.86987
4.5,0000 1 Dec 2015,28.58794
5.5,0000 1 Dec 2015,28.32965
6.5,0000 1 Dec 2015,27.94123
7.5,0000 1 Dec 2015,27.46467
1.5,0000 1 Jan 2016,29.20088
2.5,0000 1 Jan 2016,29.10576
3.5,0000 1 Jan 2016,28.89624
4.5,0000 1 Jan 2016,28.46882
5.5,0000 1 Jan 2016,27.7047
6.5,0000 1 Jan 2016,26.96201
7.5,0000 1 Jan 2016,26.43133
1.5,0000 1 Feb 2016,29.37297
2.5,0000 1 Feb 2016,29.36757
3.5,0000 1 Feb 2016,28.82048
4.5,0000 1 Feb 2016,27.79642
5.5,0000 1 Feb 2016,26.90694
6.5,0000 1 Feb 2016,26.45734
7.5,0000 1 Feb 2016,26.3945
1.5,0000 1 Mar 2016,29.45747
2.5,0000 1 Mar 2016,29.10218
3.5,0000 1 Mar 2016,28.33966
4.5,0000 1 Mar 2016,27.5843
5.5,0000 1 Mar 2016,27.10201
6.5,0000 1 Mar 2016,26.86645
7.5,0000 1 Mar 2016,26.84348
1.5,0000 1 Apr 2016,29.05756
2.5,0000 1 Apr 2016,28.31951
3.5,0000 1 Apr 2016,27.45247
4.5,0000 1 Apr 2016,26.9873
5.5,0000 1 Apr 2016,26.88336
6.5,0000 1 Apr 2016,26.97768
7.5,0000 1 Apr 2016,27.03351
1.5,0000 1 May 2016,27.67998
2.5,0000 1 May 2016,26.88849
3.5,0000 1 May 2016,26.42089
4.5,0000 1 May 2016,26.21775
5.5,0000 1 May 2016,26.18523
6.5,0000 1 May 2016,26.14749
7.5,0000 1 May 2016,25.98338
1.5,0000 1 Jun 2016,26.69707
2.5,0000 1 Jun 2016,26.32324
3.5,0000 1 Jun 2016,26.32905
4.5,0000 1 Jun 2016,26.48857
5.5,0000 1 Jun 2016,26.63415
6.5,0000 1 Jun 2016,26.62015
7.5,0000 1 Jun 2016,26.53372
1.5,0000 1 Jul 2016,26.58678
2.5,0000 1 Jul 2016,26.63377
3.5,0000 1 Jul 2016,26.81222
4.5,0000 1 Jul 2016,26.97404
5.5,0000 1 Jul 2016,26.95468
6.5,0000 1 Jul 2016,26.80767
7.5,0000 1 Jul 2016,26.81347
1.5,0000 1 Aug 2016,26.05207
2.5,0000 1 Aug 2016,26.22467
3.5,0000 1 Aug 2016,26.43168
4.5,0000 1 Aug 2016,26.40605
5.5,0000 1 Aug 2016,26.22847
6.5,0000 1 Aug 2016,26.20297
7.5,0000 1 Aug 2016,26.5512
1.5,0000 1 Sep 2016,26.11899
2.5,0000 1 Sep 2016,26.23094
3.5,0000 1 Sep 2016,26.20476
4.5,0000 1 Sep 2016,26.12965
5.5,0000 1 Sep 2016,26.30284
6.5,0000 1 Sep 2016,26.73434
7.5,0000 1 Sep 2016,27.21842
1.5,0000 1 Oct 2016,25.98788
2.5,0000 1 Oct 2016,25.93961
3.5,0000 1 Oct 2016,25.94239
4.5,0000 1 Oct 2016,26.17279
5.5,0000 1 Oct 2016,26.70299
6.5,0000 1 Oct 2016,27.28698
7.5,0000 1 Oct 2016,27.70531
1.5,0000 1 Nov 2016,25.82661
2.5,0000 1 Nov 2016,25.85036
3.5,0000 1 Nov 2016,26.14508
4.5,0000 1 Nov 2016,26.7647
5.5,0000 1 Nov 2016,27.49036
6.5,0000 1 Nov 2016,28.03479
7.5,0000 1 Nov 2016,28.2745
1.5,0000 1 Dec 2016,25.9767
2.5,0000 1 Dec 2016,26.29555
3.5,0000 1 Dec 2016,26.87936
4.5,0000 1 Dec 2016,27.53871
5.5,0000 1 Dec 2016,27.99304
6.5,0000 1 Dec 2016,28.22674
7.5,0000 1 Dec 2016,28.41391
1.5,0000 1 Jan 2017,26.50185
2.5,0000 1 Jan 2017,27.03691
3.5,0000 1 Jan 2017,27.64931
4.5,0000 1 Jan 2017,28.08873
5.5,0000 1 Jan 2017,28.27317
6.5,0000 1 Jan 2017,28.31364
7.5,0000 1 Jan 2017,28.41677