YR,MON,NINO1+2,ANOM,NINO3,ANOM,NINO4,ANOM,NINO3.4,ANOM
1990,11,21,-0.65,24.9,-0.2,29.2,0.5,26.81,0.1
1990,12,22.31,-0.5,25.15,-0.08,29.19,0.65,26.95,0.35
1991,1,24.02,-0.54,25.79,0.13,28.9,0.58,27.03,0.49
1991,2,25.72,-0.38,26.41,0,28.73,0.54,27.07,0.32
1991,3,26.28,-0.21,27.04,-0.16,28.66,0.34,27.32,0.03
1991,4,25.24,-0.3,27.53,-0.05,28.97,0.34,28.01,0.19
1991,5,24.09,-0.33,27.49,0.24,29.38,0.46,28.2,0.26
1991,6,23.33,0.21,27.3,0.68,29.35,0.38,28.25,0.52
1991,7,22.56,0.6,26.64,0.83,29.34,0.45,28.05,0.76
1991,8,21.37,0.37,25.63,0.51,29.26,0.47,27.53,0.68
1991,9,21.19,0.46,25.26,0.36,29.09,0.33,27.14,0.42
1991,10,21.67,0.65,25.59,0.61,29.47,0.7,27.58,0.86
1991,11,22.38,0.72,26.05,0.95,29.39,0.69,27.9,1.2
1991,12,23.64,0.83,26.48,1.25,29.35,0.81,28.29,1.69
1992,1,25.03,0.47,27.03,1.37,28.94,0.62,28.38,1.84
1992,2,26.71,0.61,27.67,1.27,29.08,0.89,28.53,1.78
1992,3,27.73,1.24,28.26,1.05,28.96,0.64,28.66,1.38
1992,4,27.72,2.19,28.75,1.17,29.09,0.46,29.02,1.2
1992,5,26.63,2.22,28.44,1.19,29.23,0.31,28.98,1.04
1992,6,23.98,0.85,27.17,0.55,29.24,0.27,28.3,0.58
1992,7,21.89,-0.07,25.75,-0.06,29.21,0.31,27.51,0.22
1992,8,20.87,-0.14,25.03,-0.08,28.93,0.14,26.91,0.05
1992,9,20.76,0.03,24.83,-0.07,28.86,0.1,26.65,-0.06
1992,10,21.02,0.01,24.64,-0.34,28.76,0,26.42,-0.3
1992,11,21.59,-0.07,24.64,-0.46,28.69,-0.01,26.42,-0.28
1992,12,22.71,-0.1,24.87,-0.36,28.61,0.07,26.44,-0.15
1993,1,24.55,-0.01,25.55,-0.11,28.54,0.22,26.69,0.14
1993,2,26.4,0.3,26.8,0.39,28.3,0.1,27.16,0.41
1993,3,27.09,0.6,27.61,0.4,28.37,0.05,27.67,0.39
1993,4,26.79,1.25,28.42,0.84,28.66,0.04,28.41,0.59
1993,5,25.57,1.15,28.33,1.07,28.98,0.07,28.71,0.78
1993,6,24.16,1.04,27.06,0.44,29.01,0.04,28.08,0.35
1993,7,22.66,0.7,26.05,0.24,28.97,0.07,27.52,0.23
1993,8,21.57,0.56,25.36,0.24,28.92,0.13,26.99,0.13
1993,9,21.11,0.38,25.22,0.32,29.06,0.3,27.07,0.35
1993,10,21.57,0.55,25.11,0.13,28.78,0.02,26.77,0.06
1993,11,21.96,0.31,25.09,-0.01,28.79,0.09,26.71,0
1993,12,22.83,0.02,25.31,0.09,28.72,0.18,26.76,0.16
1994,1,24.47,-0.09,25.86,0.2,28.43,0.11,26.64,0.1
1994,2,25.77,-0.33,26.33,-0.08,28.14,-0.06,26.81,0.06
1994,3,25.48,-1.01,26.85,-0.35,28.37,0.05,27.39,0.11
1994,4,24.27,-1.27,27.2,-0.38,28.74,0.11,28.08,0.26
1994,5,23.36,-1.06,27.15,-0.1,29.14,0.23,28.24,0.31
1994,6,22.21,-0.91,26.56,-0.06,29.23,0.26,28.04,0.32
1994,7,21.09,-0.87,25.53,-0.28,29.4,0.5,27.54,0.24
1994,8,19.98,-1.03,24.86,-0.26,29.5,0.71,27.38,0.53
1994,9,20.58,-0.15,24.85,-0.05,29.3,0.54,27.2,0.48
1994,10,21.81,0.8,25.5,0.52,29.45,0.69,27.47,0.75
1994,11,22.26,0.6,25.99,0.89,29.44,0.75,27.81,1.11
1994,12,23.67,0.86,26.05,0.82,29.46,0.92,27.85,1.25
1995,1,25.3,0.73,26.43,0.77,29.04,0.72,27.57,1.02
1995,2,26.2,0.1,26.85,0.45,28.91,0.71,27.49,0.73
1995,3,26,-0.49,27.18,-0.03,29.03,0.71,27.75,0.46
1995,4,23.99,-1.55,27.18,-0.4,29.14,0.52,28.1,0.28
1995,5,23,-1.41,26.53,-0.72,29.31,0.39,27.82,-0.11
1995,6,22.2,-0.93,26.07,-0.55,29.18,0.21,27.59,-0.14
1995,7,21.35,-0.61,25.36,-0.44,28.93,0.03,27.08,-0.21
1995,8,20.6,-0.41,24.21,-0.9,28.65,-0.14,26.23,-0.63
1995,9,20.44,-0.28,23.86,-1.04,28.41,-0.35,25.88,-0.84
1995,10,20.46,-0.55,23.98,-1,28.31,-0.45,25.84,-0.88
1995,11,21.37,-0.28,24.04,-1.07,28.11,-0.59,25.6,-1.1
1995,12,21.96,-0.85,24.25,-0.98,28.04,-0.5,25.65,-0.95
1996,1,23.92,-0.65,24.85,-0.81,27.85,-0.47,25.69,-0.86
1996,2,25.66,-0.44,25.73,-0.67,27.67,-0.52,25.89,-0.86
1996,3,26.16,-0.33,26.67,-0.53,27.92,-0.4,26.67,-0.61
1996,4,23.62,-1.92,26.75,-0.83,28.17,-0.46,27.35,-0.47
1996,5,22.97,-1.44,26.51,-0.74,28.46,-0.45,27.55,-0.38
1996,6,21.24,-1.89,25.86,-0.76,28.49,-0.48,27.29,-0.44
1996,7,20.7,-1.26,25.17,-0.64,28.45,-0.45,26.85,-0.44
1996,8,20.14,-0.87,24.69,-0.42,28.47,-0.32,26.64,-0.22
1996,9,20.08,-0.65,24.41,-0.5,28.4,-0.37,26.27,-0.45
1996,10,20.31,-0.7,24.39,-0.59,28.45,-0.31,26.27,-0.44
1996,11,20.56,-1.1,24.45,-0.66,28.47,-0.23,26.29,-0.41
1996,12,21.68,-1.13,24.22,-1.01,28.35,-0.19,25.95,-0.64
1997,1,23.66,-0.9,24.77,-0.89,28.33,0.01,26.01,-0.53
1997,2,25.88,-0.22,25.73,-0.68,28.39,0.19,26.38,-0.37
1997,3,27.03,0.54,26.86,-0.35,28.56,0.24,27.04,-0.25
1997,4,26.44,0.91,27.47,-0.12,29.22,0.59,27.98,0.16
1997,5,26.54,2.12,27.9,0.65,29.44,0.53,28.58,0.64
1997,6,26.12,3,28.13,1.51,29.23,0.26,28.82,1.09
1997,7,25.59,3.63,27.9,2.09,29.37,0.47,28.86,1.56
1997,8,24.96,3.96,27.71,2.59,29.29,0.5,28.75,1.89
1997,9,24.69,3.96,27.74,2.84,29.44,0.68,28.85,2.13
1997,10,24.69,3.67,28.06,3.08,29.34,0.58,29.08,2.36
1997,11,26.12,4.47,28.37,3.27,29.39,0.69,29.12,2.41
1997,12,27.06,4.25,28.53,3.3,29.11,0.57,28.89,2.29
1998,1,28.12,3.55,28.74,3.08,28.95,0.64,28.93,2.38
1998,2,28.74,2.64,28.9,2.49,28.79,0.59,28.78,2.03
1998,3,29.23,2.74,29.12,1.92,28.62,0.3,28.62,1.34
1998,4,28.22,2.68,29.22,1.64,28.56,-0.07,28.6,0.78
1998,5,27.14,2.72,28.64,1.39,28.66,-0.26,28.51,0.57
1998,6,25.36,2.24,26.99,0.37,28.26,-0.71,27.34,-0.39
1998,7,23.37,1.42,25.42,-0.38,28.11,-0.78,26.3,-0.99
1998,8,21.97,0.96,24.45,-0.67,27.77,-1.02,25.57,-1.28
1998,9,20.95,0.22,23.95,-0.95,27.74,-1.02,25.46,-1.26
1998,10,21.35,0.33,23.99,-0.99,27.42,-1.34,25.25,-1.46
1998,11,21.51,-0.14,24.24,-0.86,27.24,-1.45,25.24,-1.46
1998,12,22.63,-0.18,24.13,-1.1,27.06,-1.48,24.91,-1.69
1999,1,23.79,-0.78,24.41,-1.25,26.64,-1.68,24.86,-1.69
1999,2,25.56,-0.54,25.52,-0.88,26.56,-1.64,25.43,-1.32
1999,3,26.45,-0.04,26.68,-0.52,26.98,-1.35,26.33,-0.95
1999,4,24.64,-0.9,26.71,-0.87,27.41,-1.21,26.7,-1.11
1999,5,23.73,-0.69,26.45,-0.81,27.89,-1.03,26.79,-1.15
1999,6,22.36,-0.76,25.72,-0.9,27.96,-1.01,26.53,-1.19
1999,7,21.73,-0.23,25.05,-0.76,27.75,-1.14,26.13,-1.17
1999,8,20.89,-0.11,24.28,-0.84,27.69,-1.1,25.63,-1.22
1999,9,19.67,-1.05,23.79,-1.11,27.79,-0.97,25.63,-1.09
1999,10,20.15,-0.86,23.6,-1.38,27.79,-0.97,25.48,-1.23
1999,11,20.43,-1.23,23.6,-1.5,27.42,-1.27,25.12,-1.58
1999,12,22.17,-0.64,23.68,-1.55,27.18,-1.36,24.86,-1.74
2000,1,23.81,-0.76,24,-1.66,26.99,-1.33,24.78,-1.77
2000,2,25.48,-0.62,25.27,-1.14,26.73,-1.47,25.21,-1.55
2000,3,26.02,-0.47,26.7,-0.5,26.89,-1.43,26.3,-0.98
2000,4,25.5,-0.04,27.41,-0.17,27.2,-1.43,26.95,-0.87
2000,5,24.02,-0.4,26.88,-0.37,27.63,-1.29,27.07,-0.86
2000,6,22.75,-0.38,26.03,-0.59,28.06,-0.91,26.94,-0.79
2000,7,21.68,-0.28,25.18,-0.62,28.17,-0.73,26.63,-0.67
2000,8,20.44,-0.57,24.64,-0.48,28.16,-0.62,26.37,-0.49
2000,9,20.5,-0.23,24.59,-0.32,28.27,-0.49,26.2,-0.52
2000,10,20.74,-0.27,24.48,-0.5,28.11,-0.65,26.02,-0.7
2000,11,20.46,-1.19,24.4,-0.7,27.92,-0.77,25.92,-0.79
2000,12,21.85,-0.96,24.57,-0.66,27.59,-0.95,25.68,-0.92
2001,1,23.94,-0.63,25.24,-0.42,27.43,-0.89,25.81,-0.73
2001,2,25.62,-0.48,26.12,-0.28,27.37,-0.82,26.12,-0.63
2001,3,26.66,0.17,27.2,-0.01,27.61,-0.71,26.8,-0.48
2001,4,25.72,0.18,27.46,-0.12,28.04,-0.59,27.33,-0.49
2001,5,23.71,-0.71,27.11,-0.14,28.53,-0.39,27.6,-0.34
2001,6,22.28,-0.85,26.34,-0.28,28.79,-0.17,27.54,-0.19
2001,7,21.38,-0.58,25.53,-0.27,28.98,0.09,27.25,-0.04
2001,8,20.16,-0.84,24.9,-0.22,28.84,0.05,26.8,-0.05
2001,9,19.6,-1.13,24.31,-0.59,28.97,0.21,26.52,-0.2
2001,10,19.88,-1.13,24.55,-0.43,28.95,0.19,26.57,-0.14
2001,11,20.77,-0.89,24.42,-0.68,28.78,0.08,26.33,-0.37
2001,12,21.79,-1.02,24.61,-0.62,28.66,0.12,26.19,-0.41
2002,1,23.79,-0.78,25.17,-0.49,28.72,0.4,26.39,-0.15
2002,2,26.03,-0.07,26.16,-0.24,28.66,0.46,26.71,-0.04
2002,3,27.25,0.77,27.35,0.14,28.57,0.25,27.29,0.01
2002,4,26.35,0.82,27.58,0,29.03,0.41,27.84,0.02
2002,5,25.04,0.63,27.51,0.26,29.52,0.6,28.24,0.31
2002,6,23.51,0.38,27.19,0.57,29.61,0.64,28.44,0.72
2002,7,21.72,-0.23,26.19,0.39,29.52,0.63,28.03,0.74
2002,8,20.74,-0.26,25.63,0.51,29.43,0.64,27.72,0.87
2002,9,20.93,0.2,25.76,0.86,29.37,0.61,27.81,1.09
2002,10,21.39,0.37,25.97,0.99,29.41,0.65,27.96,1.25
2002,11,22.63,0.97,26.4,1.3,29.55,0.85,28.17,1.47
2002,12,23.91,1.1,26.44,1.21,29.38,0.84,27.97,1.37
2003,1,24.69,0.13,26.23,0.57,28.89,0.57,27.15,0.6
2003,2,25.98,-0.12,26.84,0.44,28.88,0.69,27.39,0.64
2003,3,26.42,-0.07,27.39,0.19,28.92,0.6,27.65,0.36
2003,4,24.98,-0.56,27.14,-0.44,28.96,0.33,27.68,-0.14
2003,5,22.77,-1.65,26.29,-0.96,28.86,-0.05,27.32,-0.61
2003,6,21.77,-1.35,26.03,-0.59,29.07,0.1,27.44,-0.29
2003,7,20.95,-1.01,25.92,0.12,29.08,0.19,27.5,0.21
2003,8,21.02,0.01,25.38,0.26,28.98,0.19,27.11,0.26
2003,9,20.28,-0.45,25.05,0.15,28.94,0.18,26.99,0.27
2003,10,21.25,0.23,25.38,0.4,29.12,0.36,27.14,0.42
2003,11,21.94,0.28,25.75,0.64,29.07,0.37,27.04,0.33
2003,12,23.03,0.22,26,0.77,28.97,0.43,27.03,0.43
2004,1,24.36,-0.21,26.08,0.42,28.75,0.43,26.81,0.27
2004,2,26.03,-0.07,26.7,0.3,28.57,0.38,26.98,0.23
2004,3,25.75,-0.74,27.34,0.13,28.42,0.1,27.4,0.12
2004,4,24.96,-0.57,27.52,-0.07,28.71,0.09,27.89,0.07
2004,5,22.82,-1.59,26.8,-0.45,29.02,0.11,28,0.06
2004,6,22.05,-1.07,26.35,-0.26,29.19,0.22,27.86,0.13
2004,7,21.18,-0.78,25.78,-0.02,29.32,0.42,27.78,0.49
2004,8,20.26,-0.75,25.36,0.24,29.34,0.55,27.62,0.76
2004,9,20.46,-0.27,25.35,0.45,29.45,0.69,27.53,0.81
2004,10,21.16,0.15,25.52,0.54,29.46,0.7,27.44,0.73
2004,11,22.37,0.72,25.73,0.63,29.45,0.76,27.36,0.66
2004,12,23.18,0.36,25.91,0.69,29.41,0.87,27.34,0.74
2005,1,24.54,-0.02,25.98,0.32,29.2,0.88,27.21,0.66
2005,2,25.16,-0.94,26.31,-0.09,28.87,0.67,27.11,0.36
2005,3,25.03,-1.46,27.14,-0.07,28.93,0.61,27.73,0.45
2005,4,25.12,-0.42,27.53,-0.05,29.05,0.42,28.08,0.26
2005,5,24.04,-0.38,27.41,0.16,29.21,0.29,28.24,0.3
2005,6,22.35,-0.77,26.68,0.06,29.14,0.17,27.77,0.04
2005,7,21.61,-0.35,25.91,0.1,28.79,-0.11,27.06,-0.23
2005,8,20.61,-0.4,25.3,0.18,28.73,-0.06,26.8,-0.05
2005,9,19.99,-0.74,24.82,-0.08,28.79,0.03,26.68,-0.04
2005,10,19.75,-1.27,24.64,-0.34,28.85,0.09,26.65,-0.06
2005,11,20.23,-1.43,23.97,-1.13,28.55,-0.14,26.11,-0.59
2005,12,21.89,-0.92,24,-1.22,28.28,-0.26,25.68,-0.92
2006,1,24.19,-0.37,24.85,-0.81,27.82,-0.5,25.63,-0.91
2006,2,26.32,0.22,26.06,-0.35,27.52,-0.67,26.08,-0.67
2006,3,26.2,-0.29,26.65,-0.55,27.73,-0.59,26.57,-0.71
2006,4,24.04,-1.5,27.16,-0.42,28.29,-0.34,27.5,-0.32
2006,5,23.86,-0.56,27.17,-0.08,28.86,-0.06,27.85,-0.09
2006,6,22.91,-0.21,26.61,-0.01,29.03,0.06,27.73,0
2006,7,22.16,0.2,25.82,0.01,29.1,0.2,27.3,0.01
2006,8,21.71,0.7,25.51,0.39,29.21,0.42,27.16,0.31
2006,9,21.7,0.97,25.73,0.83,29.4,0.63,27.32,0.6
2006,10,22.07,1.05,25.86,0.88,29.45,0.69,27.41,0.7
2006,11,22.45,0.79,26.1,0.99,29.62,0.92,27.69,0.99
2006,12,23.52,0.71,26.37,1.14,29.46,0.92,27.74,1.14
2007,1,25.23,0.66,26.53,0.87,28.97,0.65,27.24,0.7
2007,2,26.21,0.11,26.49,0.08,28.66,0.46,26.88,0.13
2007,3,25.84,-0.64,26.8,-0.4,28.66,0.34,27.1,-0.18
2007,4,24.31,-1.22,26.95,-0.63,28.73,0.1,27.5,-0.32
2007,5,22.63,-1.79,26.37,-0.88,28.84,-0.08,27.46,-0.47
2007,6,21.52,-1.61,25.9,-0.72,28.9,-0.07,27.37,-0.35
2007,7,20.98,-0.98,24.85,-0.95,28.68,-0.22,26.71,-0.59
2007,8,19.81,-1.2,23.94,-1.18,28.48,-0.31,26.14,-0.72
2007,9,19.75,-0.97,23.63,-1.27,28.11,-0.65,25.61,-1.11
2007,10,19.5,-1.52,23.55,-1.43,27.91,-0.85,25.32,-1.39
2007,11,19.92,-1.73,23.48,-1.62,27.61,-1.09,25.17,-1.54
2007,12,21.15,-1.66,23.57,-1.66,27.42,-1.12,25.01,-1.58
2008,1,24.08,-0.48,24.19,-1.46,26.87,-1.45,24.86,-1.68
2008,2,26.32,0.22,25.16,-1.24,26.62,-1.58,25.08,-1.67
2008,3,26.88,0.39,26.45,-0.75,26.97,-1.35,26.07,-1.21
2008,4,25.94,0.41,27.12,-0.46,27.46,-1.16,26.83,-0.99
2008,5,24.95,0.54,27,-0.25,27.81,-1.11,27.09,-0.84
2008,6,23.68,0.55,26.46,-0.16,27.96,-1.01,27.04,-0.68
2008,7,22.95,0.99,26.08,0.28,28.07,-0.83,26.99,-0.3
2008,8,22.4,1.4,25.62,0.5,28.04,-0.75,26.72,-0.13
2008,9,21.75,1.02,25.2,0.3,28.08,-0.68,26.47,-0.25
2008,10,21.37,0.35,25.07,0.09,28.17,-0.59,26.37,-0.35
2008,11,21.38,-0.28,24.98,-0.12,27.98,-0.72,26.25,-0.46
2008,12,22.36,-0.45,24.66,-0.56,27.73,-0.81,25.74,-0.86
2009,1,24.4,-0.17,25.15,-0.51,27.37,-0.95,25.66,-0.89
2009,2,25.42,-0.68,25.84,-0.57,27.35,-0.85,25.96,-0.79
2009,3,25.67,-0.81,26.49,-0.71,27.74,-0.58,26.59,-0.69
2009,4,25.94,0.41,27.41,-0.17,28.37,-0.26,27.47,-0.35
2009,5,24.76,0.34,27.54,0.29,28.9,-0.01,27.99,0.06
2009,6,23.78,0.65,27.18,0.56,29.14,0.18,28.04,0.31
2009,7,22.71,0.75,26.49,0.69,29.19,0.29,27.78,0.48
2009,8,21.85,0.84,25.92,0.8,29.23,0.44,27.42,0.56
2009,9,21.23,0.51,25.69,0.78,29.33,0.57,27.4,0.68
2009,10,21.34,0.32,25.76,0.78,29.68,0.92,27.6,0.89
2009,11,21.99,0.33,26.18,1.08,29.82,1.12,28.16,1.46
2009,12,23.41,0.6,26.55,1.33,29.72,1.18,28.34,1.74
2010,1,24.85,0.28,26.73,1.07,29.44,1.12,28.07,1.52
2010,2,26.22,0.12,27.28,0.88,29.08,0.88,28.01,1.25
2010,3,26.56,0.07,27.76,0.55,29.07,0.75,28.18,0.9
2010,4,25.43,-0.11,27.85,0.27,29.13,0.5,28.2,0.38
2010,5,24.65,0.24,27.08,-0.17,29.01,0.1,27.71,-0.22
2010,6,23.14,0.01,25.91,-0.71,28.66,-0.31,27.04,-0.69
2010,7,20.93,-1.03,24.79,-1.01,28.1,-0.79,26.22,-1.07
2010,8,19.7,-1.31,23.97,-1.14,27.54,-1.25,25.47,-1.39
2010,9,19.5,-1.22,23.61,-1.29,27.32,-1.44,25.12,-1.6
2010,10,19.73,-1.28,23.5,-1.48,27.15,-1.61,25.03,-1.69
2010,11,20.34,-1.31,23.59,-1.52,27.11,-1.59,25.06,-1.64
2010,12,21.91,-0.9,23.73,-1.5,27.09,-1.45,25,-1.6
2011,1,24.08,-0.48,24.4,-1.26,26.92,-1.4,25,-1.54
2011,2,25.94,-0.16,25.63,-0.77,27.15,-1.05,25.64,-1.11
2011,3,25.61,-0.88,26.47,-0.73,27.51,-0.81,26.36,-0.93
2011,4,25.34,-0.19,27.25,-0.33,27.89,-0.74,27.05,-0.77
2011,5,24.53,0.11,26.96,-0.29,28.35,-0.57,27.41,-0.52
2011,6,23.42,0.3,26.5,-0.12,28.46,-0.51,27.35,-0.38
2011,7,22.06,0.1,25.61,-0.2,28.42,-0.48,26.87,-0.43
2011,8,20.79,-0.21,24.73,-0.39,28.16,-0.63,26.21,-0.65
2011,9,19.99,-0.74,24.29,-0.61,28,-0.76,25.92,-0.8
2011,10,20.24,-0.78,23.92,-1.06,27.86,-0.9,25.67,-1.05
2011,11,21.09,-0.57,23.98,-1.12,27.8,-0.9,25.52,-1.19
2011,12,22.13,-0.68,24.31,-0.92,27.53,-1.01,25.54,-1.06
2012,1,24.38,-0.18,25.09,-0.57,27.3,-1.02,25.67,-0.87
2012,2,26.46,0.36,26.22,-0.19,27.29,-0.91,26.08,-0.67
2012,3,26.65,0.16,27.02,-0.18,27.56,-0.77,26.67,-0.61
2012,4,26.44,0.9,27.56,-0.02,28.03,-0.59,27.32,-0.5
2012,5,25.29,0.87,27.34,0.09,28.4,-0.52,27.61,-0.32
2012,6,24.14,1.02,27.05,0.44,28.58,-0.39,27.75,0.02
2012,7,22.36,0.4,26.37,0.57,28.64,-0.26,27.54,0.25
2012,8,21.07,0.07,25.64,0.52,28.86,0.08,27.32,0.47
2012,9,20.79,0.06,25.24,0.34,28.97,0.21,27.1,0.38
2012,10,20.65,-0.37,25,0.02,29.07,0.31,26.98,0.26
2012,11,21.24,-0.41,25.08,-0.02,29,0.3,26.86,0.16
2012,12,21.96,-0.85,24.8,-0.42,28.6,0.06,26.34,-0.25
2013,1,23.89,-0.68,25,-0.66,28.24,-0.08,26.01,-0.53
2013,2,25.37,-0.73,25.84,-0.56,28.01,-0.19,26.24,-0.52
2013,3,25.81,-0.67,27.08,-0.12,27.95,-0.37,27.03,-0.25
2013,4,24.31,-1.23,27.22,-0.36,28.36,-0.27,27.57,-0.25
2013,5,22.83,-1.58,26.43,-0.82,28.69,-0.23,27.53,-0.4
2013,6,21.22,-1.91,25.73,-0.89,28.77,-0.2,27.3,-0.42
2013,7,20.36,-1.6,25.1,-0.7,28.66,-0.24,26.91,-0.39
2013,8,19.85,-1.16,24.47,-0.65,28.61,-0.18,26.47,-0.38
2013,9,19.95,-0.77,24.58,-0.33,28.65,-0.11,26.54,-0.18
2013,10,20.27,-0.75,24.79,-0.19,28.72,-0.04,26.52,-0.2
2013,11,21.09,-0.56,24.9,-0.2,28.74,0.04,26.56,-0.14
2013,12,22.37,-0.44,25.09,-0.13,28.48,-0.06,26.43,-0.17
2014,1,24.56,-0.01,25.23,-0.43,28.14,-0.18,26.05,-0.49
2014,2,25.49,-0.61,25.62,-0.79,28.27,0.07,26.14,-0.62
2014,3,26.17,-0.31,26.89,-0.32,28.6,0.28,27,-0.28
2014,4,25.51,-0.03,27.64,0.06,28.98,0.35,27.9,0.08
2014,5,25.48,1.06,27.64,0.38,29.45,0.53,28.25,0.32
2014,6,24.67,1.54,27.15,0.53,29.36,0.39,27.96,0.23
2014,7,22.94,0.98,26.12,0.31,29.04,0.14,27.23,-0.06
2014,8,21.9,0.89,25.3,0.18,29.04,0.25,26.82,-0.03
2014,9,21.52,0.8,25.27,0.37,29.16,0.39,27.01,0.29
2014,10,21.71,0.69,25.56,0.58,29.24,0.48,27.16,0.44
2014,11,22.45,0.8,25.88,0.77,29.43,0.73,27.46,0.75
2014,12,23.22,0.41,25.91,0.68,29.3,0.76,27.31,0.71
2015,1,24.41,-0.16,26.01,0.35,29.07,0.75,27.05,0.51
2015,2,25.57,-0.53,26.46,0.05,29.07,0.87,27.17,0.42
2015,3,26.57,0.09,27.3,0.1,29.22,0.9,27.75,0.47
2015,4,26.54,1,28.21,0.63,29.61,0.98,28.52,0.7
2015,5,25.96,1.55,28.2,0.94,29.85,0.94,28.85,0.92
2015,6,25.32,2.19,28.07,1.45,29.88,0.92,28.9,1.18
2015,7,24.5,2.54,27.66,1.85,29.78,0.88,28.75,1.46
2015,8,22.66,1.65,27.21,2.09,29.77,0.99,28.79,1.93
2015,9,23.01,2.28,27.4,2.5,29.82,1.06,28.93,2.21
2015,10,23.14,2.12,27.6,2.62,29.84,1.08,29.08,2.36
2015,11,23.93,2.28,27.95,2.84,30.13,1.44,29.42,2.72
2015,12,25.02,2.21,28.07,2.84,29.91,1.37,29.26,2.66
2016,1,26.36,1.79,28.25,2.59,29.54,1.22,29.11,2.57
2016,2,27.4,1.3,28.38,1.97,29.41,1.22,29.01,2.26
2016,3,27.83,1.35,28.74,1.53,29.39,1.07,28.9,1.62
2016,4,25.98,0.45,28.2,0.62,29.37,0.74,28.72,0.91
2016,5,24.9,0.49,27.23,-0.03,29.45,0.53,28.23,0.3
2016,6,23.77,0.64,26.48,-0.14,29.35,0.39,27.69,-0.03
2016,7,22.21,0.25,25.19,-0.61,29.05,0.15,26.82,-0.48
2016,8,21.25,0.24,24.59,-0.53,28.73,-0.06,26.28,-0.58
2016,9,21.29,0.57,24.64,-0.26,28.51,-0.25,26.14,-0.58
2016,10,21.36,0.34,24.42,-0.56,28.32,-0.44,25.98,-0.74
2016,11,21.78,0.12,24.48,-0.62,28.24,-0.46,25.94,-0.76
2016,12,23.24,0.43,24.76,-0.47,28.35,-0.19,26.1,-0.5
2017,1,25.5,0.93,25.58,-0.08,28.16,-0.16,26.12,-0.43
2017,2,27.46,1.36,26.83,0.42,28.11,-0.09,26.67,-0.08
2017,3,28.1,1.61,27.55,0.35,28.29,-0.03,27.32,0.03
2017,4,26.59,1.05,28.03,0.45,28.69,0.06,28.03,0.22
2017,5,24.63,0.21,27.55,0.29,29.1,0.19,28.3,0.37
2017,6,22.89,-0.24,26.68,0.06,29.29,0.32,28.06,0.34
2017,7,21.64,-0.32,25.84,0.04,29.16,0.26,27.54,0.25
2017,8,20.67,-0.34,24.87,-0.25,28.87,0.08,26.7,-0.16
2017,9,19.92,-0.81,24.18,-0.72,28.72,-0.04,26.29,-0.43
2017,10,20.21,-0.81,24.26,-0.72,28.56,-0.2,26.15,-0.56
2017,11,20.46,-1.2,24.02,-1.08,28.3,-0.4,25.74,-0.97
2017,12,21.39,-1.42,24,-1.22,28.02,-0.52,25.62,-0.98
2018,1,23.44,-1.12,24.48,-1.18,27.88,-0.44,25.57,-0.98
2018,2,25.13,-0.97,25.5,-0.9,27.85,-0.35,25.97,-0.78
2018,3,25.13,-1.35,26.27,-0.93,28.1,-0.22,26.48,-0.8
2018,4,24.51,-1.03,26.96,-0.62,28.65,0.02,27.31,-0.51
2018,5,23.67,-0.75,26.92,-0.33,29.07,0.16,27.73,-0.2
2018,6,22.4,-0.72,26.63,0.01,29.21,0.24,27.77,0.04
2018,7,21.56,-0.4,25.92,0.11,29.13,0.23,27.42,0.12
2018,8,20.74,-0.27,25.06,-0.06,29.24,0.45,26.94,0.09
2018,9,20.65,-0.08,25.25,0.35,29.34,0.58,27.19,0.47
2018,10,21.18,0.16,25.73,0.75,29.71,0.95,27.62,0.9
2018,11,22.46,0.81,26,0.9,29.61,0.92,27.61,0.9
2018,12,23.86,1.05,26.14,0.92,29.45,0.91,27.49,0.89
2019,1,25.4,0.83,26.26,0.6,29.08,0.76,27.19,0.65
2019,2,26.62,0.52,26.99,0.59,28.91,0.71,27.46,0.71
2019,3,26.61,0.12,27.84,0.64,28.96,0.64,28.09,0.81
2019,4,25.83,0.3,28.13,0.55,29.15,0.52,28.44,0.62
2019,5,24.61,0.2,27.75,0.5,29.45,0.54,28.48,0.55
2019,6,22.78,-0.34,26.82,0.2,29.58,0.61,28.18,0.45
2019,7,21.27,-0.69,25.7,-0.1,29.66,0.76,27.64,0.35
2019,8,20.24,-0.76,24.79,-0.32,29.44,0.65,26.9,0.04
2019,9,20.01,-0.71,24.63,-0.27,29.34,0.58,26.75,0.03
2019,10,20.27,-0.74,25.14,0.16,29.51,0.75,27.2,0.48
2019,11,21.55,-0.11,25.43,0.33,29.46,0.76,27.22,0.52
2019,12,22.77,-0.04,25.47,0.24,29.41,0.87,27.12,0.52
2020,1,24.2,-0.37,25.88,0.22,29.17,0.85,27.15,0.6
2020,2,26.12,0.02,26.51,0.1,28.97,0.78,27.12,0.37
2020,3,26.43,-0.06,27.41,0.2,29.07,0.75,27.76,0.48
2020,4,25.81,0.28,27.86,0.27,29.15,0.52,28.18,0.36
2020,5,24.28,-0.14,26.92,-0.33,29.01,0.09,27.66,-0.27
2020,6,22.43,-0.7,25.93,-0.69,29.09,0.12,27.39,-0.34
2020,7,20.68,-1.28,25.22,-0.59,28.89,-0.01,26.99,-0.3
2020,8,19.96,-1.05,24.5,-0.61,28.47,-0.31,26.26,-0.59
2020,9,19.5,-1.22,23.91,-0.99,28.21,-0.55,25.89,-0.83
2020,10,20.42,-0.6,23.88,-1.1,27.96,-0.8,25.46,-1.26
2020,11,21.07,-0.58,23.9,-1.21,27.8,-0.9,25.28,-1.42
2020,12,22.21,-0.6,24.41,-0.82,27.54,-1,25.44,-1.15
2021,1,23.68,-0.88,25.04,-0.62,27.27,-1.05,25.55,-1
2021,2,25.24,-0.86,25.68,-0.73,27.24,-0.96,25.75,-1